"customer_id","total_transactions","total_customer_rev"
5034,"932","429209.47"
70,"908","423263.35"
4738,"852","421904.39"
1170,"876","420736.30"
5062,"869","419006.40"
5019,"872","418921.96"
4920,"854","416040.76"
4735,"860","415667.60"
4764,"826","414658.12"
3458,"908","414512.68"
3671,"824","412687.70"
4615,"851","412393.77"
4784,"876","412236.25"
26,"833","410131.15"
1178,"866","409854.85"
1328,"872","408968.93"
3720,"882","408593.79"
4856,"873","408181.76"
3312,"873","408105.40"
1329,"898","407627.70"
4682,"853","407268.33"
255,"852","406907.36"
3007,"889","406901.49"
4490,"839","405622.74"
3529,"848","405175.26"
5408,"858","404533.79"
3395,"860","403817.07"
4382,"849","403727.83"
3617,"831","403612.04"
3935,"818","403457.51"
299,"912","403269.39"
1325,"843","402630.33"
3570,"855","402520.86"
3493,"862","401942.96"
3616,"861","401737.52"
4276,"903","401495.84"
5137,"829","400784.38"
2466,"889","400598.80"
1200,"865","400188.34"
2122,"893","400182.76"
2356,"839","400088.50"
4880,"911","400061.03"
3662,"834","399883.46"
1510,"858","399808.41"
1658,"889","399574.22"
3549,"869","399381.36"
1447,"843","398947.37"
2211,"896","398762.19"
3344,"825","398390.52"
4297,"813","398331.36"
1388,"872","397945.67"
2950,"806","397923.55"
3905,"867","397865.32"
2446,"859","397500.86"
3691,"851","397382.84"
4966,"856","397272.26"
2437,"823","397085.68"
894,"866","397078.14"
5901,"870","396909.20"
3640,"888","396669.10"
1298,"887","396432.56"
4444,"864","396308.82"
4810,"843","395630.97"
2371,"836","395555.26"
3472,"894","395495.48"
2148,"822","395436.04"
3377,"849","395148.12"
1263,"866","394741.22"
3637,"847","394447.47"
3484,"887","394371.97"
3705,"807","394352.83"
2507,"864","394049.66"
2340,"897","393985.83"
76,"850","393969.24"
1620,"857","393931.29"
5080,"818","393789.83"
2296,"830","393545.29"
2348,"880","393544.53"
2383,"886","393507.66"
2555,"852","393382.94"
3497,"838","393370.21"
203,"876","393301.52"
3843,"842","393232.09"
3315,"886","393196.17"
2133,"870","393171.87"
2448,"901","392850.46"
1274,"863","392546.71"
3304,"849","392374.03"
2666,"859","392332.41"
2829,"832","392314.34"
2217,"885","392263.96"
1612,"843","392225.70"
3513,"836","392213.63"
1531,"812","392181.96"
1198,"834","392026.12"
3555,"875","391879.16"
4287,"839","391695.81"
3391,"887","391353.01"
4901,"828","391236.06"
155,"846","391167.68"
5065,"891","391164.89"
2347,"834","391134.01"
5507,"799","391073.36"
1322,"888","390845.83"
1191,"869","390678.07"
4627,"874","390356.33"
2375,"881","390351.56"
3581,"843","390232.25"
5064,"869","389586.40"
1083,"847","389228.63"
1272,"904","389221.73"
4995,"861","389121.20"
4729,"856","389029.60"
4785,"859","388840.76"
4854,"789","388721.56"
2249,"812","388589.67"
5564,"890","388544.06"
3443,"833","388486.23"
257,"824","388326.75"
1396,"875","388298.25"
2323,"868","388219.35"
2030,"834","388186.09"
3578,"837","388021.66"
4953,"873","387959.51"
2197,"848","387657.75"
111,"906","387543.25"
4867,"846","387508.90"
4761,"816","387399.53"
4838,"849","387389.63"
1389,"837","387168.37"
733,"867","387090.99"
5444,"808","386897.54"
1022,"868","386697.71"
2434,"845","386674.20"
2456,"856","386431.71"
5654,"860","386305.33"
4712,"835","386295.24"
2253,"857","386177.53"
123,"848","386152.89"
2286,"844","386138.25"
4049,"882","386076.46"
2607,"877","385951.38"
4756,"840","385948.48"
2757,"822","385945.06"
4762,"866","385800.22"
3670,"841","385750.25"
5459,"875","385704.59"
1736,"883","385598.81"
3445,"838","385506.56"
1436,"859","385504.36"
2025,"822","385359.98"
2083,"856","385241.45"
4019,"904","385174.85"
2837,"849","385145.92"
4701,"906","385100.38"
4474,"858","385019.18"
4983,"839","385007.83"
3373,"834","385003.52"
1990,"801","384981.57"
142,"880","384839.40"
2107,"856","384788.98"
2397,"828","384726.60"
2195,"823","384398.52"
3261,"904","384296.94"
2572,"830","384288.50"
2258,"860","384221.15"
4692,"834","383993.13"
1368,"856","383811.50"
71,"835","383789.25"
4659,"825","383728.58"
1357,"839","383663.55"
283,"844","383650.57"
5046,"831","383620.72"
2447,"851","383612.60"
2251,"856","383593.52"
3532,"852","383539.69"
3528,"813","383429.86"
3452,"876","383411.58"
1172,"911","383343.43"
4462,"857","383285.31"
3353,"857","383276.51"
3102,"857","383186.68"
2810,"866","383158.91"
3413,"850","383054.24"
4643,"829","382962.59"
2868,"817","382816.52"
2036,"828","382749.20"
5536,"808","382698.68"
1136,"865","382689.30"
301,"841","382651.88"
2287,"803","382645.36"
197,"858","382610.19"
3086,"842","382609.50"
3194,"837","382573.54"
4616,"876","382549.27"
3306,"882","382389.68"
4608,"830","382277.38"
4802,"850","382176.02"
220,"825","382103.17"
3316,"846","382020.99"
2168,"855","382003.63"
2992,"877","381946.96"
201,"876","381801.13"
1382,"852","381746.47"
3629,"863","381601.02"
3162,"933","381555.18"
4915,"886","381473.06"
298,"866","381443.12"
5091,"867","381433.33"
5606,"848","381422.88"
1315,"842","381391.53"
3328,"831","381388.92"
4842,"833","381384.50"
1995,"870","381270.49"
2355,"855","381258.14"
4717,"852","381147.53"
4801,"850","381127.04"
4719,"934","381110.01"
1165,"818","381011.49"
4676,"847","380833.57"
340,"830","380709.32"
4851,"880","380674.06"
3623,"886","380626.62"
4646,"832","380543.47"
4715,"845","380534.68"
809,"858","380534.60"
149,"915","380315.67"
3374,"827","380298.73"
79,"872","380253.59"
1311,"824","380132.93"
2519,"818","380017.26"
3241,"853","379990.18"
3186,"858","379846.20"
4645,"858","379843.71"
2166,"876","379748.06"
358,"848","379661.31"
5038,"834","379602.03"
3808,"864","379583.48"
5231,"839","379471.12"
2442,"867","379469.98"
21,"836","379444.57"
195,"804","379360.84"
3702,"853","379360.55"
221,"862","379316.99"
2401,"823","379311.28"
3650,"867","379309.93"
1906,"801","379298.91"
329,"817","379292.08"
2344,"879","379158.49"
3474,"821","379105.07"
1102,"801","379078.59"
2689,"816","379048.06"
3401,"880","379043.20"
3557,"867","379039.40"
3337,"832","379020.76"
1214,"835","379015.11"
3654,"817","379007.59"
482,"922","378995.76"
3675,"871","378994.16"
1914,"856","378936.15"
2163,"839","378896.88"
1793,"851","378807.78"
4095,"826","378790.33"
2018,"865","378786.74"
4934,"862","378757.09"
81,"829","378639.92"
1855,"842","378602.43"
77,"836","378579.67"
1363,"885","378578.73"
133,"864","378526.66"
4750,"871","378505.32"
3627,"845","378494.72"
1471,"803","378466.33"
4670,"792","378384.05"
3297,"843","378360.55"
4909,"836","378332.65"
3672,"862","378254.65"
1886,"878","378236.74"
132,"846","378141.69"
2188,"842","378103.09"
3027,"838","377971.20"
3466,"808","377786.15"
2218,"854","377783.49"
2116,"844","377763.69"
3741,"838","377650.97"
1071,"858","377617.18"
4163,"874","377579.38"
4135,"840","377552.53"
83,"833","377438.94"
1050,"889","377377.44"
2164,"847","377279.19"
3258,"878","377173.27"
3491,"863","377165.41"
4907,"794","377053.17"
1732,"790","376942.75"
1246,"853","376901.28"
5,"832","376885.85"
2119,"851","376838.05"
2364,"849","376794.01"
1323,"838","376733.71"
1623,"870","376721.50"
4895,"854","376615.72"
1054,"809","376529.20"
4872,"864","376528.82"
1239,"870","376522.41"
3469,"829","376476.18"
3615,"918","376344.05"
4371,"811","376312.22"
4951,"889","376272.87"
1402,"849","376229.43"
4932,"844","376209.91"
275,"865","376132.02"
4751,"845","376131.89"
5075,"869","376115.88"
3307,"831","375963.95"
3149,"788","375914.11"
2474,"869","375858.79"
2220,"795","375848.34"
2333,"861","375817.87"
3550,"812","375770.18"
4900,"851","375693.22"
1415,"871","375672.80"
1077,"858","375599.23"
381,"819","375575.61"
2185,"900","375487.72"
1434,"868","375474.45"
3667,"868","375473.97"
2259,"818","375473.29"
1137,"858","375425.12"
43,"876","375403.99"
4707,"836","375357.87"
4769,"841","375344.19"
1442,"885","375343.24"
1575,"871","375292.44"
250,"828","375206.04"
1182,"861","375199.60"
1224,"813","375190.32"
3442,"843","375177.09"
4070,"817","375173.91"
3456,"845","375086.21"
1161,"856","375021.90"
163,"892","375017.70"
749,"831","375011.83"
4919,"846","374991.76"
1347,"826","374864.98"
74,"823","374769.19"
273,"860","374762.48"
66,"811","374723.65"
198,"819","374684.52"
4317,"835","374594.83"
1020,"848","374569.87"
1801,"863","374543.95"
4612,"830","374498.07"
4424,"893","374469.22"
126,"813","374365.86"
3580,"866","374333.50"
3674,"830","374260.82"
1657,"839","374231.65"
3200,"868","374224.26"
4843,"831","374193.32"
59,"839","374171.43"
4840,"878","374157.45"
1540,"826","374149.25"
3559,"839","374130.51"
3747,"855","374045.58"
1123,"867","373987.20"
3326,"845","373973.60"
4815,"890","373971.14"
4640,"834","373860.70"
107,"811","373843.48"
2544,"847","373840.42"
1284,"882","373829.35"
1630,"855","373798.86"
1699,"867","373688.06"
1033,"878","373669.80"
1721,"840","373668.34"
1585,"884","373657.92"
2180,"848","373648.07"
2411,"814","373646.00"
1185,"846","373595.24"
2882,"832","373579.43"
3412,"838","373578.09"
2500,"824","373567.08"
1882,"843","373531.16"
138,"810","373512.22"
4452,"868","373508.22"
2458,"831","373430.29"
5059,"840","373422.67"
4330,"849","373297.65"
4118,"805","373201.30"
1302,"835","373167.35"
1159,"853","373162.26"
120,"853","373063.33"
3440,"851","373011.73"
2175,"835","372870.17"
5982,"864","372834.86"
3393,"875","372834.85"
148,"798","372778.64"
3201,"853","372764.12"
97,"872","372745.45"
2314,"871","372689.77"
2221,"854","372688.08"
1294,"853","372669.71"
1120,"826","372578.34"
3308,"870","372512.68"
3348,"845","372509.81"
1271,"867","372496.78"
4641,"857","372486.78"
3584,"826","372405.44"
3743,"803","372398.90"
5263,"892","372389.85"
2716,"866","372372.94"
2425,"866","372361.79"
2087,"875","372224.86"
2272,"856","372216.21"
4782,"842","372214.31"
3350,"855","372144.50"
1953,"817","372119.40"
4690,"816","372096.11"
1564,"792","372076.63"
4774,"853","372062.94"
1337,"858","372028.26"
3406,"827","371904.48"
5211,"848","371884.02"
89,"834","371779.99"
2194,"880","371778.61"
42,"844","371759.20"
2493,"847","371748.47"
199,"866","371723.71"
3526,"866","371671.39"
5647,"859","371607.52"
3299,"934","371552.28"
4897,"907","371514.74"
2480,"846","371494.67"
1352,"834","371479.26"
1399,"862","371456.32"
1053,"821","371436.11"
2445,"873","371434.90"
2219,"790","371428.97"
2368,"843","371420.74"
2491,"876","371406.47"
4918,"856","371347.84"
90,"825","371326.78"
1124,"830","371292.62"
1839,"877","371243.99"
1221,"861","371202.21"
5440,"862","371118.92"
1295,"856","371077.57"
321,"831","371069.34"
2781,"834","371037.77"
1215,"885","370899.44"
1592,"825","370878.06"
5057,"795","370877.82"
2362,"837","370836.80"
1041,"825","370797.94"
113,"840","370778.99"
635,"864","370770.46"
4746,"862","370743.40"
2515,"859","370693.98"
1055,"820","370664.86"
3403,"861","370658.60"
1148,"889","370631.64"
4057,"862","370576.28"
2457,"867","370490.13"
945,"878","370441.76"
4916,"827","370437.93"
3861,"866","370420.23"
2306,"847","370396.34"
3887,"815","370396.05"
1157,"852","370387.18"
245,"840","370372.72"
3423,"848","370278.19"
1114,"816","370275.61"
3467,"845","370252.00"
614,"861","370247.84"
1047,"850","370179.51"
110,"848","370168.25"
5730,"828","370148.53"
60,"883","370108.59"
3561,"809","370047.57"
1973,"843","370045.79"
5008,"836","370042.66"
2105,"844","370019.65"
3425,"854","370000.47"
4790,"796","369984.04"
388,"861","369973.43"
5288,"841","369971.75"
3693,"844","369965.26"
4089,"862","369936.73"
1439,"826","369921.49"
4788,"868","369881.58"
2453,"808","369879.50"
5050,"790","369864.16"
211,"839","369845.66"
4722,"845","369833.34"
4763,"833","369832.82"
2130,"858","369830.39"
3785,"859","369816.80"
3352,"829","369717.12"
61,"875","369695.82"
3558,"829","369695.61"
1048,"862","369689.78"
2305,"832","369688.41"
4874,"875","369687.01"
4211,"887","369675.40"
4870,"844","369674.77"
4096,"868","369532.02"
2482,"856","369515.39"
5333,"783","369509.84"
5025,"783","369496.79"
3334,"839","369491.98"
5494,"831","369486.98"
1303,"869","369460.78"
1045,"842","369449.93"
4800,"840","369436.44"
306,"843","369427.02"
3332,"846","369379.94"
4241,"882","369344.95"
3250,"867","369336.59"
3574,"902","369331.45"
2049,"851","369322.06"
2336,"867","369318.10"
96,"872","369313.05"
147,"891","369304.97"
2343,"852","369285.79"
3346,"853","369254.10"
5037,"849","369179.44"
1606,"813","369163.37"
5087,"849","369141.76"
1548,"848","369141.62"
1549,"824","369104.92"
4776,"811","369043.36"
2172,"837","369036.77"
2256,"839","368951.28"
1725,"839","368943.65"
326,"859","368911.95"
5084,"888","368903.15"
2826,"873","368899.04"
2257,"853","368847.00"
1003,"861","368828.16"
2653,"845","368803.09"
39,"840","368730.07"
1278,"796","368656.02"
4688,"876","368620.43"
1902,"825","368602.56"
1336,"879","368541.78"
4981,"826","368524.19"
5041,"836","368507.43"
2944,"850","368492.92"
3482,"865","368469.24"
2002,"858","368447.77"
102,"842","368426.16"
2696,"831","368412.68"
4839,"829","368386.16"
311,"830","368376.94"
1896,"825","368375.51"
248,"835","368370.89"
3563,"816","368370.69"
173,"863","368327.49"
1176,"840","368265.04"
210,"848","368259.29"
4720,"862","368239.62"
2181,"814","368160.45"
4579,"827","368109.73"
4610,"826","368096.33"
2225,"847","368076.13"
1181,"852","368072.59"
5107,"828","368056.26"
1958,"868","368050.53"
323,"863","368047.98"
3502,"863","368022.32"
302,"870","368013.48"
3324,"884","368010.69"
4883,"862","367932.99"
4936,"845","367917.50"
2161,"906","367905.13"
3918,"849","367897.44"
3380,"813","367889.93"
236,"824","367851.37"
2127,"839","367838.59"
1910,"883","367809.90"
3621,"831","367807.03"
2149,"873","367755.77"
1753,"837","367755.62"
2836,"816","367746.57"
5044,"891","367693.03"
887,"853","367686.11"
174,"887","367646.68"
4168,"838","367614.70"
5270,"846","367586.14"
4084,"896","367560.05"
4974,"848","367512.44"
3579,"817","367507.31"
101,"838","367498.64"
3713,"868","367396.80"
1716,"870","367378.31"
1211,"850","367329.69"
1197,"848","367302.01"
2255,"897","367288.67"
2275,"764","367272.61"
4836,"809","367230.97"
3314,"837","367217.67"
5036,"851","367108.08"
2892,"817","367089.03"
1151,"830","367040.08"
4992,"853","366969.30"
4859,"858","366927.41"
2658,"855","366887.87"
4684,"859","366857.37"
2291,"814","366827.36"
3777,"873","366795.87"
4667,"833","366746.37"
1230,"870","366643.13"
2418,"852","366627.77"
2232,"837","366565.97"
2379,"849","366554.41"
2215,"834","366548.77"
693,"849","366499.98"
3367,"867","366494.53"
4962,"827","366488.26"
3828,"861","366474.43"
4693,"796","366440.20"
1365,"854","366435.48"
51,"873","366384.95"
4669,"851","366374.22"
1106,"886","366325.30"
3606,"879","366321.82"
312,"856","366321.82"
1547,"830","366312.24"
2311,"872","366303.41"
5819,"847","366272.47"
1873,"801","366234.81"
3895,"845","366204.52"
319,"869","366180.34"
3281,"849","366143.47"
1070,"795","366065.85"
2244,"807","366057.76"
1384,"850","366029.97"
3586,"824","366001.60"
4737,"844","365974.98"
3453,"824","365933.39"
4752,"840","365914.91"
5095,"841","365908.11"
405,"866","365881.31"
2229,"847","365880.42"
1223,"834","365874.53"
5024,"836","365873.95"
4976,"840","365841.92"
2074,"846","365815.44"
4061,"867","365791.52"
3379,"840","365761.27"
4631,"856","365698.27"
5707,"789","365672.23"
4765,"869","365663.31"
5689,"824","365604.11"
1196,"860","365588.79"
1266,"833","365585.64"
2073,"821","365504.74"
3538,"845","365489.13"
2514,"851","365475.42"
4105,"830","365472.44"
1104,"865","365438.65"
2477,"792","365422.36"
37,"906","365408.03"
75,"846","365375.06"
291,"858","365351.49"
3404,"820","365301.42"
4844,"840","365196.04"
385,"834","365154.30"
2816,"880","365150.74"
1969,"848","365145.94"
4996,"822","365120.14"
1740,"817","365077.13"
3155,"857","365023.77"
2260,"856","365009.18"
2233,"827","364960.27"
5099,"887","364925.08"
4157,"810","364915.93"
5009,"861","364858.30"
3848,"852","364854.31"
4506,"854","364814.31"
1373,"849","364802.15"
3689,"826","364795.66"
2499,"866","364794.44"
649,"844","364783.68"
4965,"818","364748.26"
5074,"874","364731.05"
3371,"902","364708.41"
379,"835","364699.65"
1260,"853","364682.44"
164,"841","364680.77"
2280,"892","364673.65"
3719,"846","364671.94"
1141,"852","364650.51"
3230,"864","364644.87"
2066,"794","364640.94"
3414,"824","364601.91"
2812,"856","364587.88"
172,"851","364569.30"
5165,"843","364565.23"
3459,"904","364511.25"
4986,"846","364483.78"
1980,"829","364378.79"
1234,"843","364324.61"
4648,"822","364322.72"
185,"812","364297.15"
2273,"836","364242.59"
2186,"811","364229.04"
2283,"827","364228.67"
1276,"876","364199.55"
2156,"845","364168.95"
3677,"802","364145.25"
1923,"801","364137.52"
3696,"848","364086.38"
3510,"869","364055.88"
4419,"843","364040.75"
5043,"829","363963.89"
239,"836","363904.34"
3551,"847","363847.88"
1067,"833","363814.12"
2516,"872","363777.94"
85,"860","363744.59"
3408,"888","363725.22"
1380,"842","363721.36"
1283,"831","363703.36"
4906,"844","363700.75"
98,"848","363667.10"
3664,"808","363666.33"
1729,"839","363638.75"
4731,"851","363620.48"
1115,"866","363557.59"
4021,"822","363550.21"
1251,"791","363463.28"
2147,"853","363406.97"
2349,"882","363406.24"
2427,"812","363404.65"
36,"837","363397.54"
4698,"881","363373.30"
331,"821","363339.18"
2922,"840","363298.14"
1254,"869","363291.11"
3446,"820","363280.80"
1579,"795","363275.16"
5056,"891","363266.37"
2192,"832","363176.41"
1573,"843","363174.43"
289,"874","363163.48"
3505,"794","363132.75"
2264,"826","363101.63"
1220,"808","363059.29"
3750,"849","363001.24"
159,"833","362946.55"
1621,"876","362924.53"
2000,"819","362901.04"
5208,"898","362844.74"
2674,"844","362839.04"
271,"828","362835.84"
3728,"854","362826.36"
5750,"866","362811.37"
4564,"841","362806.87"
2692,"860","362806.16"
1369,"824","362779.22"
293,"870","362765.80"
3644,"863","362750.82"
2160,"808","362710.39"
2309,"856","362700.88"
4893,"878","362676.41"
1155,"821","362668.52"
2501,"871","362579.11"
2313,"861","362551.08"
1038,"825","362505.32"
2987,"837","362459.23"
1179,"832","362440.94"
2455,"861","362437.81"
4704,"807","362431.94"
4058,"849","362359.06"
3727,"854","362355.25"
4975,"808","362339.24"
1731,"867","362329.42"
41,"830","362318.78"
2408,"817","362306.05"
2430,"859","362286.33"
4937,"838","362241.62"
5859,"836","362230.74"
3973,"854","362019.42"
2424,"845","362007.61"
1275,"823","361995.78"
4978,"826","361971.44"
2954,"810","361950.43"
2035,"847","361937.43"
145,"870","361928.55"
2556,"825","361928.50"
2299,"823","361903.63"
1335,"843","361875.53"
4686,"807","361867.47"
1422,"852","361865.56"
4428,"807","361829.19"
3439,"841","361820.60"
5010,"898","361774.71"
5876,"866","361773.09"
3360,"838","361742.37"
1775,"840","361717.01"
4772,"821","361713.04"
33,"849","361696.71"
1912,"799","361695.96"
40,"865","361615.16"
1362,"828","361586.30"
4740,"837","361581.32"
3754,"821","361567.13"
5251,"844","361565.32"
4398,"871","361534.05"
104,"848","361523.42"
3504,"890","361520.13"
1489,"864","361516.33"
4217,"886","361505.00"
2157,"862","361499.14"
5675,"792","361479.15"
2940,"824","361402.84"
1184,"809","361371.56"
1187,"832","361361.45"
1216,"794","361349.49"
3620,"849","361340.06"
4482,"824","361290.98"
4846,"840","361284.82"
2183,"839","361268.85"
2998,"822","361249.56"
3729,"857","361235.13"
2608,"844","361233.60"
4938,"835","361207.38"
1862,"773","361142.15"
327,"825","361129.83"
3345,"878","361126.69"
3661,"841","361112.94"
1383,"835","361092.53"
1541,"852","361035.85"
802,"827","361027.30"
1867,"881","360975.66"
1763,"859","360913.80"
3305,"864","360910.54"
2265,"801","360890.13"
3541,"820","360874.80"
1007,"821","360854.05"
728,"870","360829.67"
1490,"856","360726.82"
442,"893","360725.23"
1918,"844","360692.11"
1412,"849","360660.76"
263,"856","360639.36"
4817,"881","360626.22"
2326,"853","360619.91"
4375,"846","360596.22"
3884,"836","360588.09"
119,"855","360584.14"
2462,"847","360515.96"
4882,"851","360463.90"
2193,"875","360449.10"
4601,"877","360422.36"
2365,"824","360407.50"
1259,"856","360400.60"
4808,"844","360373.08"
2358,"839","360328.82"
238,"878","360315.67"
281,"836","360303.91"
1282,"847","360271.54"
48,"815","360201.67"
1021,"830","360179.63"
2460,"845","360153.62"
1351,"856","360141.03"
5264,"820","360115.32"
719,"891","360087.43"
3143,"859","360085.05"
4950,"818","360056.47"
4832,"810","360045.24"
1147,"866","360033.30"
178,"815","359996.73"
1164,"823","359973.28"
2302,"877","359883.96"
2470,"841","359875.64"
4963,"854","359839.00"
4813,"837","359830.32"
3694,"835","359826.88"
1081,"810","359797.70"
2467,"826","359785.89"
2214,"896","359785.75"
1665,"880","359772.85"
2465,"849","359771.66"
4929,"850","359767.78"
5869,"846","359764.54"
2444,"818","359756.20"
4451,"854","359674.63"
2200,"870","359662.83"
5529,"835","359627.10"
4803,"790","359580.80"
1008,"870","359577.69"
1290,"871","359564.45"
3447,"846","359550.60"
296,"819","359547.68"
4787,"843","359543.84"
1356,"821","359524.48"
2354,"855","359458.62"
1965,"830","359403.68"
3321,"845","359396.93"
1027,"816","359392.17"
28,"840","359364.10"
25,"853","359352.98"
3286,"829","359346.81"
4632,"847","359313.39"
4656,"811","359293.15"
3575,"799","359282.45"
4743,"868","359264.35"
3730,"854","359255.98"
4015,"843","359237.77"
3614,"864","359229.75"
4794,"863","359214.90"
3213,"843","359203.84"
2084,"858","359202.05"
2216,"850","359130.16"
1029,"843","359093.27"
3993,"852","359087.39"
243,"790","359051.93"
2883,"854","359027.95"
2673,"821","358927.84"
2234,"849","358919.56"
1152,"832","358890.28"
4460,"801","358860.46"
3585,"820","358824.00"
2205,"834","358822.87"
136,"842","358816.15"
4583,"788","358795.63"
2001,"804","358773.05"
3421,"875","358756.09"
4940,"823","358713.05"
1126,"857","358679.30"
2028,"847","358663.06"
3594,"822","358659.78"
2421,"824","358651.88"
2700,"846","358648.30"
3509,"868","358633.72"
4672,"835","358622.60"
4987,"797","358595.69"
3174,"828","358571.92"
179,"800","358473.41"
3676,"871","358458.82"
1032,"849","358439.12"
3461,"853","358353.00"
1414,"829","358347.45"
2263,"816","358339.80"
2562,"850","358328.73"
196,"815","358315.71"
1097,"840","358275.71"
3399,"805","358222.95"
350,"802","358222.11"
3678,"853","358198.51"
2294,"809","358194.45"
1609,"874","358190.51"
1877,"808","358170.80"
1626,"827","358152.21"
87,"821","358148.81"
344,"854","358142.45"
4864,"867","358142.43"
1555,"858","358141.82"
2245,"788","358133.28"
3612,"799","358106.49"
1107,"811","358087.34"
4202,"843","358066.45"
4046,"807","358058.40"
3679,"859","358020.93"
3864,"874","358001.70"
3590,"848","358000.89"
175,"887","357935.49"
4714,"856","357935.15"
3433,"841","357930.27"
57,"829","357898.45"
1888,"807","357889.52"
4812,"841","357881.52"
1095,"785","357849.20"
2381,"922","357837.60"
180,"855","357783.31"
1501,"862","357750.46"
2443,"814","357732.52"
2372,"827","357726.10"
5003,"855","357706.18"
5837,"816","357692.91"
1771,"830","357671.64"
566,"840","357642.63"
1060,"840","357576.61"
186,"897","357557.09"
2101,"823","357524.65"
346,"835","357476.80"
3519,"868","357469.37"
2974,"818","357463.37"
4642,"830","357439.71"
2137,"859","357398.97"
2583,"821","357380.52"
1066,"859","357313.17"
1743,"836","357310.05"
4946,"839","357303.20"
3583,"846","357292.84"
1654,"787","357279.46"
2171,"819","357268.49"
4744,"884","357234.75"
2159,"875","357211.97"
1825,"859","357201.65"
3487,"815","357181.03"
1815,"822","357156.25"
3457,"844","357155.33"
2298,"793","357141.44"
2483,"807","357113.10"
109,"867","357097.00"
303,"862","357033.24"
1072,"832","357030.68"
608,"841","357029.11"
3690,"873","357016.45"
2520,"807","356975.54"
3021,"821","356975.46"
3764,"836","356964.15"
4759,"831","356932.72"
2449,"840","356921.87"
4933,"850","356917.30"
1199,"877","356908.58"
4683,"809","356899.28"
3735,"800","356896.18"
3633,"821","356884.69"
641,"817","356847.45"
1331,"823","356825.07"
139,"841","356805.75"
4903,"798","356784.94"
3634,"855","356769.21"
2584,"829","356755.52"
254,"840","356754.62"
5824,"862","356741.45"
5254,"807","356729.70"
3444,"871","356707.12"
4766,"815","356703.69"
1376,"828","356672.74"
4819,"851","356671.92"
1056,"840","356652.82"
2513,"889","356647.19"
4884,"832","356639.15"
4117,"860","356638.71"
1723,"840","356637.36"
3530,"825","356612.27"
63,"810","356610.00"
2498,"878","356582.28"
1158,"840","356576.30"
1231,"823","356573.87"
4716,"816","356566.89"
2956,"813","356552.31"
2184,"803","356471.89"
3712,"809","356466.96"
3568,"849","356453.66"
4300,"829","356435.12"
3762,"844","356413.46"
287,"861","356365.03"
3626,"815","356355.13"
373,"823","356347.78"
294,"814","356219.27"
5850,"868","356214.23"
2510,"876","356204.41"
67,"785","356194.07"
1308,"829","356160.77"
2479,"825","356160.40"
334,"830","356158.68"
14,"849","356145.76"
1238,"823","356139.88"
5033,"802","356127.90"
5086,"847","356126.24"
4415,"884","356121.70"
2254,"880","356107.98"
4003,"830","356099.27"
2351,"838","356096.29"
4866,"833","356096.07"
3133,"812","356087.68"
12,"861","356084.85"
1,"868","356069.14"
150,"829","356042.36"
3322,"869","356030.15"
1885,"829","355987.42"
247,"817","355938.65"
1293,"834","355923.37"
4726,"874","355898.81"
401,"857","355879.26"
5017,"887","355875.27"
3390,"821","355874.78"
127,"835","355861.31"
2337,"844","355854.41"
1754,"863","355840.05"
2182,"828","355801.83"
1947,"866","355781.79"
994,"793","355756.06"
3492,"861","355734.94"
1177,"871","355722.26"
4624,"831","355710.25"
1649,"844","355681.52"
4837,"819","355568.05"
3061,"846","355546.57"
5641,"818","355545.07"
270,"861","355538.37"
4820,"836","355517.57"
3361,"835","355513.70"
1273,"840","355510.52"
789,"805","355460.33"
3742,"847","355456.92"
256,"813","355439.64"
16,"839","355435.63"
1372,"822","355405.76"
4902,"801","355369.76"
2112,"837","355319.19"
49,"838","355303.44"
2114,"826","355292.41"
3630,"867","355282.05"
1849,"855","355280.57"
3707,"878","355261.97"
1997,"838","355258.83"
3506,"824","355255.27"
316,"838","355229.27"
4111,"865","355220.70"
4822,"827","355217.84"
2512,"856","355203.20"
2189,"846","355191.22"
2651,"844","355184.46"
2285,"837","355168.41"
1024,"840","355165.39"
4994,"839","355017.91"
2436,"777","355010.18"
1089,"830","354994.69"
130,"793","354977.78"
3648,"915","354949.88"
3498,"846","354904.28"
1375,"768","354899.85"
4213,"829","354838.33"
184,"854","354821.89"
2103,"883","354799.45"
1348,"832","354764.02"
2791,"860","354755.13"
1558,"833","354699.17"
2601,"812","354675.80"
3290,"825","354658.03"
5700,"851","354657.08"
154,"833","354630.83"
5040,"845","354615.73"
4728,"829","354564.03"
330,"890","354551.63"
4876,"857","354535.72"
5146,"829","354513.68"
260,"827","354477.12"
2062,"895","354443.46"
1281,"845","354428.30"
2570,"812","354396.44"
3358,"827","354364.78"
262,"836","354343.45"
1760,"889","354300.43"
1919,"838","354296.35"
1395,"866","354281.35"
4928,"841","354276.05"
1146,"865","354256.00"
3645,"843","354250.10"
1835,"813","354245.74"
3744,"799","354238.34"
3512,"833","354199.73"
3409,"851","354178.03"
1299,"818","354167.36"
1370,"848","354166.56"
4395,"846","354138.49"
1101,"839","354134.24"
2292,"890","354120.49"
883,"886","354117.48"
1149,"808","354060.18"
1586,"833","354037.78"
1946,"848","354035.92"
282,"885","354022.76"
1117,"862","354020.94"
2266,"834","354016.53"
3486,"840","354003.67"
4638,"854","353997.28"
2126,"839","353964.15"
2155,"857","353952.24"
527,"862","353918.37"
4267,"855","353902.24"
1218,"871","353885.37"
5015,"795","353853.50"
4310,"826","353739.92"
328,"815","353734.78"
2398,"853","353710.71"
5027,"826","353685.16"
1119,"814","353671.34"
1233,"870","353670.40"
2210,"854","353651.25"
335,"860","353623.67"
5028,"793","353573.10"
3753,"903","353563.78"
2426,"833","353560.45"
4989,"813","353553.32"
1834,"835","353547.19"
4943,"803","353500.54"
2191,"822","353446.81"
4930,"838","353446.04"
3368,"812","353412.06"
4908,"833","353404.78"
86,"851","353388.43"
4967,"859","353381.71"
2113,"881","353373.90"
4747,"887","353371.33"
837,"867","353369.88"
295,"852","353369.79"
3608,"829","353355.92"
4748,"858","353353.20"
508,"888","353333.93"
2464,"845","353325.53"
215,"799","353314.65"
2118,"831","353249.33"
3636,"846","353191.29"
4475,"853","353186.53"
4652,"874","353179.44"
2531,"827","353164.68"
3462,"887","353160.14"
2330,"871","353156.83"
3340,"846","353141.15"
3370,"816","353126.76"
2110,"788","353076.64"
2178,"829","353055.64"
4885,"881","353053.92"
2450,"822","353028.07"
2485,"880","353000.12"
5081,"860","352970.56"
1256,"885","352958.78"
4786,"801","352954.66"
5922,"820","352949.60"
3319,"833","352933.19"
2961,"858","352905.02"
3478,"858","352902.42"
4985,"832","352902.01"
4961,"825","352889.61"
594,"862","352876.95"
3553,"830","352845.40"
2138,"819","352841.01"
4272,"821","352814.55"
276,"851","352809.78"
2307,"857","352802.21"
5385,"866","352788.26"
582,"850","352776.38"
3476,"854","352775.31"
122,"854","352765.48"
2755,"797","352761.04"
3917,"801","352749.63"
3369,"837","352710.21"
1305,"835","352709.73"
52,"842","352708.84"
4871,"875","352699.36"
5052,"829","352656.96"
485,"831","352629.34"
4942,"835","352624.01"
3430,"846","352594.50"
1113,"852","352592.20"
1854,"780","352569.32"
3347,"855","352514.98"
224,"766","352513.80"
259,"877","352461.53"
3718,"797","352457.59"
4389,"852","352449.54"
2405,"811","352446.57"
3652,"829","352424.62"
1715,"828","352384.58"
3264,"832","352380.74"
2231,"822","352354.93"
2208,"867","352353.27"
1202,"827","352319.45"
1210,"839","352305.94"
2388,"835","352288.30"
1894,"829","352274.83"
1100,"861","352265.64"
3547,"840","352257.34"
5108,"893","352251.54"
4829,"834","352226.85"
2503,"846","352187.66"
2972,"835","352090.09"
1133,"813","352083.25"
232,"788","352075.79"
1023,"807","352054.21"
4146,"824","352052.92"
1836,"826","352051.84"
4409,"845","352050.43"
2124,"848","352040.70"
3364,"879","352036.65"
1821,"837","352009.97"
3610,"820","351988.38"
3527,"806","351959.74"
2024,"823","351939.46"
5697,"794","351939.01"
3287,"834","351935.77"
1025,"859","351929.88"
3818,"827","351926.20"
1935,"828","351908.75"
1491,"825","351890.34"
202,"866","351878.69"
776,"842","351855.58"
1112,"807","351800.07"
2069,"837","351788.21"
2237,"861","351770.62"
4356,"837","351721.45"
3376,"812","351686.00"
29,"803","351669.99"
4508,"839","351626.23"
1173,"837","351622.45"
266,"843","351606.43"
1145,"760","351565.64"
4894,"854","351544.04"
4190,"849","351501.90"
3387,"838","351454.06"
209,"786","351452.75"
4623,"848","351441.20"
4636,"853","351425.51"
3455,"829","351402.58"
3554,"827","351378.00"
4120,"821","351361.98"
499,"848","351347.77"
4551,"870","351344.54"
108,"807","351331.06"
3351,"830","351311.21"
4671,"809","351253.98"
2703,"855","351218.20"
5755,"877","351212.78"
4727,"858","351203.14"
2563,"859","351197.91"
2473,"863","351186.58"
137,"850","351175.18"
2297,"856","351154.60"
2990,"851","351134.35"
4658,"864","351112.14"
2748,"845","351091.01"
1296,"861","351086.64"
3335,"856","351074.63"
2472,"825","351068.50"
4749,"898","351017.49"
1212,"813","351004.34"
1073,"874","350987.86"
1416,"858","350958.87"
878,"821","350914.21"
2151,"818","350911.04"
3721,"811","350890.47"
2745,"802","350821.20"
190,"857","350800.03"
3384,"862","350773.41"
798,"848","350766.32"
161,"794","350711.79"
95,"855","350689.10"
5063,"805","350676.78"
5841,"834","350669.51"
3419,"812","350668.25"
2875,"835","350663.22"
3434,"852","350630.76"
4617,"784","350611.46"
4679,"862","350578.67"
4890,"841","350534.92"
2582,"826","350517.81"
2877,"800","350504.38"
4825,"821","350481.85"
5002,"831","350463.02"
1377,"801","350462.26"
3313,"822","350459.60"
2492,"825","350423.28"
4407,"834","350412.15"
2440,"773","350393.93"
2438,"833","350390.22"
2139,"807","350365.14"
5156,"830","350343.33"
1343,"813","350329.91"
280,"826","350254.11"
560,"830","350246.76"
1204,"810","350234.47"
1458,"870","350230.18"
297,"812","350158.99"
1160,"817","350127.53"
2451,"853","350067.89"
2879,"823","350062.89"
4634,"832","350050.90"
222,"867","350042.65"
3183,"831","350022.20"
1994,"836","350020.96"
4677,"866","350020.91"
1127,"825","350010.16"
4178,"911","349990.60"
3516,"837","349959.12"
4980,"826","349956.20"
4602,"824","349933.57"
2367,"880","349925.19"
1338,"840","349863.35"
99,"842","349856.03"
5055,"834","349791.51"
3624,"825","349779.06"
3602,"872","349777.92"
1240,"821","349772.82"
3051,"849","349771.42"
4809,"826","349764.75"
2108,"819","349746.05"
3366,"811","349740.69"
4162,"830","349739.60"
5014,"867","349731.45"
1030,"846","349675.65"
1367,"839","349654.46"
1364,"800","349646.73"
2289,"819","349629.98"
2841,"837","349603.97"
3514,"841","349595.62"
2078,"835","349591.83"
3954,"843","349567.50"
2896,"788","349446.87"
229,"833","349435.07"
3745,"847","349414.25"
4753,"791","349349.80"
5072,"835","349324.12"
4700,"832","349312.66"
456,"834","349310.90"
3824,"832","349303.88"
3981,"890","349274.47"
3709,"825","349271.15"
1631,"816","349218.79"
235,"823","349218.27"
3591,"847","349211.97"
3932,"819","349173.07"
3463,"836","349165.68"
3790,"805","349151.15"
93,"814","349151.04"
1951,"837","349150.61"
5417,"827","349143.99"
4958,"877","349114.54"
1002,"836","349088.98"
1051,"779","349083.87"
1001,"844","349081.85"
4107,"841","349079.44"
3872,"853","349032.83"
5756,"867","349004.05"
151,"799","348984.40"
3436,"849","348984.34"
3046,"847","348955.10"
629,"827","348823.15"
2431,"850","348796.50"
4941,"837","348766.44"
4655,"850","348734.70"
1232,"794","348727.62"
4665,"828","348683.31"
2784,"845","348653.06"
5785,"818","348617.09"
4386,"878","348610.90"
2104,"844","348588.76"
2406,"816","348575.35"
8,"794","348565.25"
4796,"832","348560.86"
4635,"858","348548.08"
4404,"861","348535.71"
204,"854","348490.43"
261,"818","348488.92"
223,"854","348466.92"
2374,"858","348462.54"
2152,"850","348457.45"
1838,"869","348452.97"
2386,"808","348406.23"
2486,"868","348402.55"
2952,"844","348375.36"
46,"841","348364.41"
1387,"836","348324.32"
4721,"823","348320.98"
4471,"807","348308.92"
1750,"860","348303.89"
5318,"853","348280.20"
4126,"827","348242.02"
2136,"798","348234.12"
54,"793","348202.16"
3776,"826","348187.21"
3252,"845","348175.02"
1703,"814","348158.26"
3628,"868","348129.04"
1168,"792","348116.35"
4804,"818","348109.92"
2391,"816","347990.23"
2378,"836","347990.17"
152,"840","347989.34"
3464,"833","347978.46"
2496,"833","347976.64"
2123,"853","347945.25"
1125,"849","347934.82"
3969,"828","347927.22"
3435,"817","347917.64"
1405,"836","347916.76"
5470,"824","347916.17"
3837,"860","347876.54"
1222,"842","347871.26"
5007,"840","347838.33"
5169,"824","347816.76"
3192,"817","347786.57"
3863,"881","347782.38"
3087,"861","347780.77"
50,"839","347739.90"
5894,"840","347735.32"
4816,"845","347719.22"
1963,"781","347712.92"
1454,"819","347707.56"
1132,"820","347684.72"
4230,"826","347665.97"
4990,"812","347646.61"
4827,"806","347623.70"
3495,"849","347621.38"
2201,"852","347619.45"
3310,"792","347609.60"
1730,"823","347609.36"
218,"819","347574.69"
4834,"874","347557.36"
1350,"852","347544.89"
4830,"830","347510.93"
924,"852","347497.51"
2121,"816","347470.77"
3416,"845","347469.96"
1171,"831","347447.95"
3327,"835","347414.93"
2089,"840","347371.76"
315,"845","347361.93"
2385,"739","347327.14"
1065,"821","347292.72"
1189,"793","347286.21"
1082,"852","347271.60"
189,"782","347266.36"
3681,"792","347247.96"
1194,"842","347237.08"
3496,"783","347231.34"
5602,"891","347228.15"
1355,"873","347221.62"
1800,"806","347219.89"
4952,"809","347210.72"
153,"856","347178.64"
84,"828","347175.26"
3546,"851","347139.36"
4931,"833","347135.94"
1757,"833","347110.22"
2746,"827","347063.69"
1128,"803","347030.53"
3740,"835","347030.15"
1697,"864","347010.20"
1079,"865","346966.42"
3507,"831","346941.02"
4399,"812","346924.93"
1879,"862","346922.29"
2282,"819","346903.01"
2240,"846","346893.47"
2730,"833","346883.03"
2904,"813","346874.28"
761,"849","346808.94"
2071,"848","346796.80"
1135,"847","346767.92"
3365,"854","346757.26"
3631,"826","346751.75"
4674,"834","346741.84"
2334,"764","346718.35"
103,"875","346709.39"
307,"807","346708.93"
4605,"858","346694.56"
1901,"827","346680.73"
1332,"808","346652.46"
4633,"803","346624.58"
1237,"816","346605.98"
4879,"848","346604.82"
1407,"830","346565.07"
1040,"843","346563.20"
3407,"812","346536.12"
129,"861","346533.89"
272,"869","346479.68"
4905,"811","346457.93"
3359,"806","346450.34"
2223,"823","346428.38"
3536,"825","346418.66"
1288,"855","346416.82"
4212,"867","346414.86"
4868,"846","346360.42"
216,"842","346323.24"
1061,"848","346286.67"
3357,"832","346279.70"
128,"827","346252.08"
141,"835","346237.12"
2393,"897","346227.67"
2357,"812","346204.93"
4516,"802","346170.72"
38,"794","346169.37"
1225,"855","346138.61"
4921,"818","346131.61"
1492,"822","346058.92"
1314,"846","346029.33"
2432,"836","346024.00"
5375,"847","346008.98"
3451,"796","345991.50"
181,"829","345973.71"
4960,"792","345942.05"
2878,"831","345895.01"
1258,"842","345867.17"
423,"795","345851.26"
1207,"843","345847.68"
4639,"835","345843.49"
1292,"823","345762.65"
2335,"812","345757.80"
4691,"826","345756.29"
17,"828","345744.78"
3717,"860","345733.11"
544,"819","345717.93"
1156,"796","345696.51"
4923,"871","345680.95"
4818,"820","345679.14"
2454,"845","345666.52"
4702,"801","345656.46"
3788,"821","345597.82"
3122,"838","345588.72"
2111,"822","345585.56"
3448,"824","345575.65"
2452,"833","345574.64"
4957,"831","345554.42"
4538,"808","345542.45"
2243,"811","345534.69"
1922,"826","345531.79"
3302,"861","345508.66"
3386,"815","345468.73"
2261,"814","345449.98"
1201,"821","345433.03"
2390,"901","345428.21"
2086,"814","345421.92"
5121,"856","345378.97"
2235,"817","345372.24"
2339,"842","345349.43"
286,"829","345314.62"
4917,"844","345312.67"
5220,"869","345309.71"
1460,"876","345306.29"
5393,"837","345275.02"
2478,"802","345274.54"
3331,"789","345250.62"
2917,"827","345194.37"
194,"827","345187.98"
3695,"834","345149.18"
1058,"842","345131.89"
2209,"833","345037.32"
3587,"826","345027.63"
2318,"843","345018.89"
2576,"817","344986.41"
4896,"805","344940.48"
1859,"817","344894.28"
2754,"818","344886.54"
1909,"822","344867.34"
1241,"851","344865.96"
1291,"811","344862.29"
4779,"842","344814.07"
2327,"837","344778.35"
3646,"829","344770.37"
1505,"790","344715.30"
3692,"837","344713.18"
4687,"817","344696.06"
65,"851","344695.94"
1012,"818","344685.58"
1588,"807","344637.83"
1192,"886","344635.73"
4344,"836","344634.95"
2288,"855","344598.59"
3700,"830","344563.38"
5060,"820","344558.75"
2494,"862","344540.25"
2818,"822","344515.38"
3454,"865","344505.44"
100,"857","344499.86"
2213,"812","344492.36"
2394,"841","344462.79"
3588,"828","344450.75"
4609,"798","344447.68"
2977,"809","344437.67"
3749,"849","344394.26"
4,"801","344336.46"
15,"842","344281.67"
1249,"770","344274.59"
35,"872","344266.24"
2919,"807","344237.26"
3485,"829","344198.13"
1143,"849","344190.17"
1208,"859","344161.26"
4723,"802","344115.03"
3488,"853","344100.21"
5000,"870","344086.62"
3951,"843","344059.34"
2807,"861","344058.75"
1353,"833","344012.45"
2271,"807","343997.07"
3923,"832","343876.83"
1690,"811","343855.70"
2041,"817","343830.07"
5061,"824","343816.06"
3426,"845","343813.72"
3593,"821","343779.98"
3470,"824","343776.58"
2502,"818","343759.36"
2517,"835","343743.00"
3647,"816","343731.78"
3477,"840","343700.83"
3599,"750","343696.65"
3517,"864","343694.83"
5079,"846","343683.92"
3400,"839","343675.67"
140,"836","343622.58"
5709,"852","343601.24"
3572,"854","343593.40"
4814,"824","343584.12"
4927,"831","343553.52"
4755,"830","343456.49"
2558,"805","343444.34"
1469,"815","343426.98"
1186,"780","343423.70"
1828,"811","343414.05"
4773,"867","343412.08"
4935,"834","343404.27"
1297,"823","343351.10"
200,"848","343329.68"
3937,"832","343309.06"
309,"821","343291.98"
5021,"765","343282.21"
3708,"812","343281.98"
2986,"829","343279.75"
3552,"887","343271.33"
1304,"805","343267.57"
3576,"799","343240.53"
4821,"847","343184.84"
3450,"839","343178.90"
5155,"793","343173.59"
4912,"836","343128.11"
3025,"825","343126.78"
1228,"850","343126.14"
2132,"837","343120.81"
1307,"843","343092.38"
5020,"810","343063.80"
1098,"843","343010.35"
2382,"823","342977.50"
496,"836","342963.93"
3888,"851","342950.08"
2239,"837","342893.43"
3341,"848","342874.89"
2377,"794","342872.08"
4158,"812","342868.98"
539,"871","342860.11"
5738,"796","342851.45"
3724,"824","342846.96"
4661,"772","342843.43"
1011,"828","342834.81"
2207,"838","342829.75"
4591,"851","342827.16"
2228,"824","342747.88"
3342,"839","342728.01"
3687,"864","342714.10"
5073,"839","342696.59"
1250,"845","342695.72"
1226,"855","342695.66"
2621,"853","342662.43"
3682,"865","342654.06"
5082,"803","342643.65"
277,"797","342616.01"
1674,"823","342608.89"
3607,"843","342600.87"
279,"834","342587.52"
4775,"826","342586.28"
1028,"842","342567.05"
4713,"848","342559.72"
4886,"859","342531.69"
341,"853","342509.97"
4899,"818","342498.05"
2395,"840","342496.27"
628,"851","342475.98"
3701,"825","342468.17"
5018,"796","342417.72"
1814,"809","342413.50"
1034,"837","342371.02"
3739,"865","342357.69"
4811,"787","342348.13"
1786,"786","342346.36"
4254,"837","342328.77"
4959,"897","342290.32"
4979,"801","342267.97"
4622,"802","342248.88"
246,"852","342248.05"
233,"809","342217.59"
2874,"801","342213.36"
1970,"799","342204.46"
4922,"797","342183.83"
2380,"853","342163.65"
2864,"833","342056.86"
1891,"816","341970.69"
1264,"816","341965.29"
4852,"837","341944.16"
3349,"825","341915.55"
3333,"797","341914.24"
4982,"839","341897.39"
1188,"832","341890.87"
3424,"807","341885.79"
5485,"777","341880.30"
1735,"810","341873.20"
4351,"834","341854.76"
1907,"825","341821.96"
5118,"823","341817.59"
1289,"862","341808.85"
3531,"877","341801.14"
2097,"822","341780.55"
3562,"833","341768.57"
2419,"834","341733.10"
3301,"823","341726.14"
4777,"818","341688.57"
5054,"826","341655.12"
3535,"829","341636.65"
171,"813","341630.69"
2222,"794","341552.84"
3394,"837","341548.17"
4302,"838","341526.01"
2,"825","341519.94"
1449,"828","341519.47"
4939,"835","341514.34"
2281,"815","341512.76"
1139,"803","341443.43"
2057,"874","341430.49"
27,"825","341386.12"
3325,"824","341385.73"
4835,"822","341309.42"
3684,"854","341290.39"
2475,"831","341255.63"
3372,"827","341188.91"
1737,"821","341185.68"
1688,"831","341173.78"
4898,"828","341170.94"
1046,"845","341148.96"
2129,"828","341146.59"
5190,"805","341088.99"
2187,"803","341085.82"
3699,"849","341073.61"
2785,"825","341073.45"
2167,"808","341042.49"
2316,"861","341033.67"
3396,"874","341024.92"
5467,"822","341024.46"
596,"866","341005.10"
2420,"894","341002.06"
62,"830","341000.05"
278,"836","340995.27"
82,"768","340974.14"
1520,"807","340959.45"
4522,"828","340949.30"
3475,"833","340947.68"
2579,"862","340909.50"
2250,"823","340861.33"
3343,"840","340848.22"
4849,"846","340826.94"
2096,"821","340825.67"
4261,"824","340823.25"
3991,"831","340819.61"
3429,"837","340805.09"
3381,"791","340799.04"
3751,"862","340783.45"
2173,"845","340773.38"
1209,"857","340761.77"
732,"870","340754.78"
1016,"838","340738.56"
2144,"805","340734.70"
4847,"795","340724.43"
3632,"818","340697.59"
342,"838","340683.46"
4660,"839","340663.87"
5076,"812","340655.31"
4711,"838","340626.99"
2125,"832","340617.94"
1122,"835","340493.93"
2384,"854","340468.11"
1391,"852","340463.24"
1286,"840","340441.63"
2142,"863","340436.52"
1280,"884","340405.52"
4611,"793","340400.68"
3618,"821","340374.48"
4988,"802","340342.47"
4075,"827","340334.66"
3499,"806","340189.47"
2224,"850","340182.38"
1043,"845","340162.41"
3980,"840","340135.22"
1486,"853","340120.33"
310,"803","340117.42"
2090,"823","340116.70"
169,"836","340091.80"
4637,"834","340089.89"
2165,"819","340088.67"
4789,"824","340049.62"
4047,"830","339993.49"
1701,"814","339921.02"
3736,"855","339876.98"
4997,"861","339875.46"
1036,"809","339845.72"
3548,"817","339824.95"
2308,"884","339818.55"
2075,"858","339817.62"
240,"787","339810.44"
1844,"828","339777.19"
2629,"812","339740.50"
1144,"846","339722.06"
3565,"850","339709.74"
3706,"821","339694.25"
3508,"850","339685.01"
643,"799","339680.32"
5808,"833","339673.20"
249,"816","339672.90"
3336,"819","339664.52"
4823,"805","339656.59"
5198,"834","339628.27"
1342,"851","339622.69"
225,"826","339615.00"
4680,"819","339602.82"
5030,"883","339584.41"
5796,"834","339569.98"
3752,"832","339562.28"
3655,"819","339544.31"
5276,"889","339543.97"
4387,"846","339543.50"
34,"810","339539.42"
1042,"798","339507.14"
1108,"859","339494.26"
1360,"812","339387.09"
4299,"839","339375.37"
332,"826","339368.23"
1090,"834","339353.95"
2038,"831","339287.43"
4733,"833","339281.40"
5427,"808","339271.81"
4757,"759","339271.22"
1345,"846","339231.54"
18,"824","339222.61"
4878,"829","339220.21"
68,"852","339199.90"
2158,"807","339186.58"
4559,"830","339151.01"
1708,"796","339136.14"
3382,"840","339114.93"
1608,"832","339045.88"
4134,"800","339045.67"
3164,"867","339008.19"
165,"842","338986.96"
5047,"832","338974.52"
7,"844","338939.32"
1310,"835","338929.33"
5066,"813","338926.64"
338,"822","338924.35"
1235,"832","338912.85"
2678,"869","338899.07"
4392,"813","338861.31"
1074,"828","338847.18"
2342,"822","338842.24"
3483,"821","338833.07"
1565,"823","338820.57"
4964,"809","338818.93"
5762,"790","338798.72"
4993,"855","338796.33"
4969,"824","338779.45"
1044,"833","338778.97"
1093,"831","338778.24"
2227,"838","338776.51"
253,"818","338768.82"
4189,"792","338765.36"
4666,"825","338724.03"
212,"857","338671.92"
4826,"823","338656.25"
4378,"814","338645.00"
2704,"778","338635.41"
2301,"825","338614.67"
1087,"814","338552.02"
314,"823","338510.78"
3411,"823","338503.34"
1110,"817","338492.78"
4770,"828","338479.12"
3731,"847","338439.80"
22,"890","338410.44"
3432,"814","338306.44"
1499,"808","338297.96"
4798,"822","338288.59"
4358,"837","338288.26"
5615,"787","338286.50"
69,"799","338151.05"
187,"821","338102.43"
4530,"869","338078.16"
2176,"829","338067.25"
1979,"811","338064.47"
5282,"821","338053.13"
538,"839","338049.09"
4998,"834","338044.08"
1037,"802","338038.27"
3339,"794","338027.40"
2134,"817","338010.22"
1010,"874","338008.14"
4858,"851","337983.50"
1446,"799","337957.87"
4678,"819","337946.31"
1340,"803","337936.86"
304,"819","337924.09"
156,"830","337920.46"
1319,"819","337916.39"
2179,"787","337904.67"
4651,"823","337869.47"
3415,"819","337863.45"
5395,"787","337861.62"
4850,"823","337842.34"
5176,"847","337811.48"
2404,"772","337787.96"
4887,"810","337768.74"
576,"870","337724.34"
2490,"800","337689.51"
1956,"792","337669.70"
4274,"831","337622.94"
1014,"800","337580.32"
2226,"784","337575.57"
4156,"826","337557.23"
413,"794","337512.95"
4914,"855","337503.39"
4481,"811","337500.83"
3500,"823","337495.31"
1876,"837","337458.55"
241,"819","337456.63"
3468,"830","337455.33"
2238,"798","337432.80"
3723,"848","337398.10"
3311,"827","337367.07"
1734,"851","337333.64"
2568,"826","337269.83"
2360,"822","337184.47"
5001,"869","337123.39"
1206,"842","337115.42"
1116,"811","337076.99"
1408,"806","337070.42"
1219,"798","337039.44"
2199,"833","337019.24"
3356,"785","337001.59"
3839,"833","336978.19"
1596,"804","336975.12"
1334,"856","336948.13"
1848,"862","336926.55"
5023,"830","336901.51"
2387,"797","336887.84"
237,"844","336875.87"
4703,"855","336858.76"
1300,"777","336852.24"
5353,"818","336832.45"
3355,"825","336787.25"
320,"790","336785.52"
3106,"780","336744.92"
3056,"799","336690.03"
2246,"813","336663.36"
4527,"819","336663.13"
3320,"864","336648.75"
2241,"845","336632.37"
1180,"798","336630.58"
105,"823","336626.18"
4647,"818","336618.86"
4944,"837","336607.95"
1748,"843","336607.18"
5070,"818","336590.10"
1349,"832","336552.41"
4663,"788","336532.07"
3303,"861","336528.09"
1366,"801","336522.89"
3392,"842","336496.46"
2366,"810","336488.43"
2093,"843","336464.37"
64,"853","336445.24"
2320,"784","336430.08"
1324,"837","336417.41"
4252,"851","336415.55"
4861,"827","336410.77"
5321,"830","336387.06"
5813,"831","336331.37"
5011,"844","336300.87"
3460,"818","336249.71"
2332,"818","336249.31"
2064,"804","336185.11"
4234,"837","336180.92"
3438,"894","336179.97"
4664,"800","336168.49"
1354,"813","336165.52"
1712,"836","336113.93"
2267,"823","336062.64"
2769,"885","336048.46"
1017,"848","335999.81"
4017,"826","335988.54"
4238,"790","335969.73"
5029,"811","335961.56"
1247,"788","335944.24"
4403,"839","335938.68"
4697,"813","335929.15"
982,"856","335908.90"
4739,"842","335892.84"
2506,"823","335821.80"
1004,"802","335742.95"
146,"806","335718.17"
1018,"816","335670.73"
4848,"817","335659.87"
2495,"808","335622.35"
4889,"805","335597.47"
1019,"831","335594.25"
2412,"833","335585.06"
118,"837","335580.97"
3809,"819","335580.88"
4002,"832","335524.18"
4488,"860","335501.00"
2203,"831","335471.11"
206,"862","335406.66"
1052,"830","335325.94"
1203,"799","335239.93"
2794,"827","335230.27"
1326,"869","335214.98"
3520,"823","335214.48"
1277,"823","335193.17"
1009,"815","335144.11"
2328,"792","335138.97"
1971,"797","335127.68"
20,"784","334960.15"
3653,"809","334952.41"
1015,"880","334945.06"
4781,"737","334924.19"
2481,"864","334811.89"
2487,"839","334807.19"
1459,"828","334801.90"
1059,"822","334782.12"
1456,"846","334760.66"
2497,"831","334741.86"
4732,"789","334711.69"
1013,"815","334701.87"
4453,"844","334658.98"
1094,"863","334652.58"
3363,"780","334639.85"
2511,"823","334621.24"
158,"825","334620.67"
3613,"792","334606.26"
3479,"808","334588.38"
2359,"811","334522.71"
5240,"812","334522.03"
1972,"807","334450.48"
2400,"877","334445.54"
2248,"808","334437.51"
1063,"859","334435.75"
3431,"802","334389.86"
2196,"799","334362.37"
5045,"867","334349.94"
4079,"876","334337.01"
343,"854","334285.27"
269,"865","334282.65"
5067,"836","334266.97"
3638,"825","334240.63"
285,"852","334206.49"
3971,"807","334180.59"
2776,"828","334173.06"
3534,"804","334109.98"
4668,"825","334101.69"
80,"847","334047.07"
1064,"810","333977.11"
2202,"792","333972.30"
244,"835","333953.28"
1826,"817","333933.50"
700,"819","333886.91"
1026,"799","333863.30"
192,"850","333785.10"
1569,"819","333782.99"
3540,"791","333780.07"
4628,"848","333775.84"
4681,"827","333772.63"
4860,"806","333765.39"
1892,"831","333755.15"
1503,"852","333747.45"
134,"836","333725.93"
3950,"854","333622.93"
3737,"871","333621.68"
4705,"841","333612.85"
2435,"885","333609.57"
3503,"830","333600.89"
2376,"809","333596.89"
3375,"800","333592.49"
4862,"793","333590.94"
3317,"873","333588.93"
1652,"801","333587.97"
208,"825","333584.39"
907,"812","333563.62"
2346,"852","333533.35"
4221,"806","333478.72"
3521,"841","333469.07"
5031,"778","333441.08"
3952,"799","333421.39"
4955,"814","333394.06"
4710,"804","333393.15"
2423,"811","333382.28"
4758,"826","333334.27"
2324,"826","333295.12"
347,"774","333281.03"
19,"813","333204.12"
1451,"788","333178.65"
116,"828","333157.79"
234,"845","333151.30"
4910,"811","333101.70"
2352,"824","333071.23"
5646,"828","333065.86"
3126,"802","333062.57"
1591,"840","333051.11"
2694,"848","333029.58"
3330,"868","333010.40"
4454,"794","332946.30"
2037,"750","332945.67"
1797,"813","332938.70"
3686,"786","332914.07"
3354,"851","332913.64"
1131,"826","332907.14"
1495,"831","332793.16"
3034,"845","332783.20"
3939,"847","332774.25"
4440,"826","332764.18"
2428,"827","332759.32"
2855,"814","332754.68"
605,"809","332726.04"
1285,"853","332717.33"
3107,"805","332690.82"
2392,"814","332683.00"
3420,"796","332668.09"
4925,"835","332655.99"
416,"849","332617.17"
1584,"797","332616.41"
3697,"821","332610.77"
2532,"824","332553.15"
1846,"828","332540.36"
2135,"803","332531.18"
2433,"823","332529.03"
3501,"809","332503.90"
106,"784","332479.65"
4999,"835","332469.63"
5154,"801","332469.12"
2169,"793","332438.61"
2468,"811","332417.60"
1150,"814","332415.54"
3569,"845","332397.98"
1783,"829","332308.57"
56,"832","332295.96"
1944,"835","332295.03"
3660,"832","332230.01"
3473,"771","332187.69"
4531,"814","332187.66"
3685,"825","332186.30"
348,"813","332134.25"
3238,"804","332131.65"
764,"850","332087.90"
950,"837","332013.41"
1193,"848","331953.45"
1169,"858","331888.74"
5599,"805","331884.87"
3338,"878","331863.42"
268,"826","331860.31"
3748,"831","331822.38"
322,"770","331795.64"
4881,"819","331775.79"
1625,"792","331762.28"
5731,"853","331760.65"
1242,"812","331696.97"
1513,"817","331686.53"
345,"837","331682.54"
4673,"801","331668.97"
3726,"860","331655.11"
852,"821","331649.27"
2373,"774","331574.51"
3714,"795","331564.87"
251,"809","331555.84"
4783,"786","331543.23"
4706,"807","331488.02"
177,"817","331482.30"
1341,"853","331412.50"
1091,"824","331393.42"
2792,"819","331366.45"
4614,"849","331361.57"
1339,"862","331335.16"
2471,"803","331320.77"
3114,"816","331300.26"
115,"855","331222.03"
2402,"841","331216.36"
5817,"828","331214.28"
166,"787","331204.02"
5049,"815","331190.49"
1742,"830","331185.58"
1539,"815","331150.79"
4295,"801","331103.74"
5115,"800","331097.64"
2709,"852","331053.99"
4824,"805","330992.43"
1236,"849","330991.62"
2353,"798","330977.25"
3956,"819","330959.51"
3257,"808","330948.09"
1130,"843","330945.68"
2345,"819","330894.13"
143,"821","330879.95"
226,"771","330876.18"
3673,"853","330851.07"
9,"841","330820.57"
193,"884","330806.15"
2212,"800","330780.38"
2773,"802","330759.55"
3441,"845","330755.75"
3805,"803","330728.10"
3906,"792","330681.93"
3428,"861","330679.71"
267,"816","330651.00"
3703,"860","330649.86"
1321,"854","330642.33"
4689,"841","330559.90"
4724,"825","330529.63"
3097,"841","330504.12"
3465,"826","330501.73"
1327,"862","330500.79"
3680,"817","330466.74"
4833,"804","330458.55"
3170,"809","330434.69"
2763,"799","330344.26"
4251,"791","330325.36"
1111,"782","330318.62"
30,"823","330239.02"
2055,"835","330204.40"
1253,"855","330191.83"
1006,"842","330163.32"
1333,"822","330144.93"
2315,"857","330143.06"
3494,"863","330106.19"
5077,"852","330077.51"
1762,"830","330066.88"
5035,"832","330052.50"
2321,"810","330016.92"
5203,"781","329982.98"
4629,"839","329978.93"
4166,"801","329915.86"
2417,"812","329910.49"
3385,"847","329830.25"
5069,"846","329826.06"
1248,"834","329812.89"
4662,"804","329798.29"
3020,"801","329710.27"
1933,"798","329634.95"
2441,"830","329561.14"
1140,"787","329515.94"
1650,"787","329493.00"
2524,"857","329492.05"
3651,"809","329474.62"
2312,"823","329469.63"
4709,"791","329465.25"
2242,"814","329451.59"
2361,"785","329444.50"
3597,"879","329387.80"
4604,"810","329371.48"
4138,"817","329370.58"
176,"812","329369.97"
1265,"813","329356.19"
1530,"759","329294.41"
4653,"824","329291.19"
3658,"823","329276.81"
2439,"815","329273.65"
4949,"824","329254.15"
3237,"836","329192.62"
2396,"789","329182.57"
1917,"828","329176.63"
5006,"778","329124.09"
3545,"806","329106.00"
3295,"813","329093.23"
2948,"822","329084.53"
1039,"793","329026.03"
4947,"827","329000.01"
1507,"783","328940.12"
3418,"791","328922.48"
349,"776","328911.75"
1261,"804","328911.61"
3881,"810","328901.29"
168,"819","328897.34"
4360,"800","328871.72"
117,"829","328826.42"
2325,"809","328757.73"
4797,"862","328753.21"
4626,"799","328721.74"
4600,"819","328714.35"
2897,"808","328652.63"
3471,"816","328632.93"
2612,"842","328608.71"
2741,"795","328601.95"
167,"804","328591.08"
3722,"831","328455.01"
4892,"877","328394.64"
1475,"816","328338.59"
3771,"860","328330.02"
4767,"814","328329.72"
4352,"818","328295.92"
2547,"821","328256.42"
3518,"828","328247.08"
1142,"843","328166.35"
3389,"843","328150.77"
170,"828","328120.09"
2951,"813","328082.10"
2003,"865","328080.45"
4857,"829","328060.54"
1468,"853","328014.06"
1080,"832","328003.08"
1174,"843","327990.28"
1813,"814","327982.29"
4367,"798","327955.43"
4509,"816","327918.54"
4768,"892","327868.69"
658,"840","327862.59"
909,"866","327859.91"
1244,"814","327842.91"
1031,"824","327836.37"
1049,"794","327804.05"
4412,"780","327799.96"
5367,"802","327787.49"
1092,"859","327771.45"
1317,"802","327747.47"
4465,"797","327726.70"
1138,"817","327717.26"
5401,"788","327674.88"
680,"866","327647.51"
3649,"831","327632.17"
1085,"815","327630.14"
5053,"818","327531.54"
124,"792","327514.51"
1103,"781","327464.15"
205,"846","327443.10"
1190,"750","327433.84"
5005,"825","327402.14"
2262,"772","327388.39"
4972,"787","327317.89"
2295,"826","327314.55"
4654,"831","327314.03"
3537,"870","327298.54"
3544,"803","327296.89"
3611,"809","327282.87"
2045,"800","327280.75"
3732,"778","327234.07"
1154,"785","327222.77"
4487,"827","327166.50"
2170,"830","327125.56"
3734,"842","327109.20"
2276,"818","327081.75"
1268,"796","327080.60"
2469,"850","327062.99"
1195,"830","327007.80"
3595,"845","326990.71"
4621,"819","326930.62"
264,"772","326929.95"
4696,"822","326866.40"
3668,"833","326844.64"
1409,"802","326834.86"
2284,"792","326792.05"
5964,"780","326767.18"
3746,"869","326762.11"
121,"829","326702.98"
1619,"809","326674.00"
1257,"848","326673.76"
4806,"795","326671.09"
2505,"811","326664.79"
1709,"830","326631.94"
3642,"812","326617.31"
3688,"836","326598.26"
4129,"809","326590.19"
781,"810","326563.30"
1096,"818","326559.45"
2102,"847","326549.58"
1767,"819","326524.12"
1162,"844","326508.82"
4100,"840","326472.01"
1313,"812","326448.11"
876,"775","326438.76"
3511,"794","326413.86"
1714,"801","326360.47"
3539,"774","326292.44"
4413,"817","326291.16"
2141,"825","326289.21"
5884,"830","326274.56"
859,"800","326254.76"
4795,"809","326238.26"
2363,"848","326211.99"
2350,"805","326158.20"
2830,"822","326135.69"
4630,"838","326106.83"
3582,"807","326102.69"
162,"817","326063.44"
4467,"791","326040.86"
2338,"795","326038.00"
3564,"802","326009.80"
2190,"813","325983.80"
2269,"806","325968.86"
3417,"844","325967.61"
2140,"834","325960.11"
24,"796","325900.01"
4675,"849","325892.78"
94,"829","325890.99"
4132,"779","325872.68"
498,"840","325866.47"
4977,"815","325827.05"
1205,"831","325823.45"
1163,"774","325770.19"
2146,"780","325727.49"
3318,"818","325652.89"
2017,"808","325576.58"
2290,"800","325558.11"
1229,"837","325549.08"
1521,"838","325539.05"
4841,"797","325530.44"
2236,"786","325520.54"
4650,"806","325364.91"
1696,"796","325339.48"
4133,"853","325336.53"
4956,"814","325302.61"
2832,"839","325302.54"
1861,"858","325293.99"
3965,"801","325278.30"
230,"823","325276.02"
2109,"837","325272.69"
4926,"823","325252.88"
3026,"802","325246.05"
3078,"805","325223.22"
4339,"766","325186.88"
3449,"810","325149.21"
1245,"802","325148.16"
4791,"838","325050.16"
3556,"831","324988.97"
2410,"806","324947.23"
5012,"771","324851.93"
4365,"800","324830.42"
1628,"786","324814.24"
5322,"847","324813.32"
4005,"798","324809.53"
3725,"833","324805.84"
288,"835","324769.88"
3216,"811","324746.26"
4391,"839","324741.45"
4125,"833","324726.83"
3849,"838","324705.96"
4805,"852","324702.98"
4140,"761","324697.52"
2957,"773","324617.43"
1756,"795","324507.53"
3907,"825","324465.30"
1243,"806","324456.26"
1035,"787","324437.70"
5587,"870","324403.02"
1467,"762","324307.67"
1068,"887","324209.17"
3756,"785","324200.59"
4334,"804","324194.07"
3850,"809","324055.75"
3255,"783","324055.45"
1099,"795","324053.48"
144,"846","324043.10"
1427,"811","323995.85"
1105,"830","323990.42"
3704,"850","323962.14"
3995,"819","323915.34"
1153,"826","323914.76"
1940,"792","323868.19"
2206,"832","323856.84"
3659,"875","323852.86"
3560,"855","323773.68"
1227,"795","323697.60"
4618,"775","323673.84"
2369,"829","323655.64"
3609,"828","323637.28"
308,"800","323578.40"
2817,"802","323576.11"
3523,"774","323564.63"
2143,"833","323540.55"
4828,"857","323467.78"
4778,"819","323459.37"
4973,"810","323431.68"
4470,"839","323425.43"
4657,"874","323412.06"
843,"825","323390.12"
182,"821","323388.34"
3914,"785","323384.41"
2092,"801","323373.63"
4718,"814","323355.07"
324,"821","323309.56"
1344,"835","323301.65"
1213,"848","323228.67"
5291,"769","323177.69"
5026,"804","323122.34"
2341,"805","323068.25"
1511,"785","323059.05"
3427,"838","323022.75"
1845,"832","322967.86"
1371,"802","322938.86"
3156,"828","322918.94"
2508,"829","322912.53"
4153,"772","322895.17"
3019,"792","322864.66"
4873,"812","322845.98"
1262,"772","322758.23"
4649,"814","322742.99"
5048,"826","322674.72"
318,"753","322632.73"
4613,"753","322629.02"
3323,"809","322617.89"
1359,"843","322599.90"
31,"824","322595.33"
2518,"800","322589.16"
333,"762","322571.38"
3596,"767","322560.35"
5389,"812","322536.66"
3711,"802","322526.51"
32,"812","322467.44"
3605,"800","322466.53"
1062,"789","322378.63"
1088,"846","322349.62"
2085,"806","322269.42"
1966,"851","322209.95"
2150,"805","322180.89"
4333,"870","322152.55"
3657,"787","322146.45"
4904,"792","322101.57"
2010,"820","321981.75"
2011,"780","321955.16"
2553,"805","321948.01"
1270,"826","321946.74"
5022,"763","321889.79"
1318,"786","321879.12"
3378,"836","321877.40"
2177,"834","321843.73"
3598,"818","321778.45"
265,"802","321710.36"
5042,"794","321705.09"
2414,"806","321670.83"
1175,"825","321641.51"
1005,"765","321598.08"
2106,"822","321575.31"
4337,"806","321569.71"
45,"790","321426.59"
2484,"813","321367.15"
5912,"803","321354.13"
5016,"792","321343.79"
3666,"819","321336.79"
3405,"816","321327.04"
1759,"795","321301.15"
53,"783","321297.55"
3604,"845","321275.27"
1374,"793","321264.49"
4246,"802","321246.42"
2409,"856","321228.07"
2131,"761","321165.02"
3603,"814","321162.82"
131,"779","321162.19"
5411,"845","321133.31"
5460,"809","321107.26"
5834,"784","321093.96"
832,"818","321019.40"
1078,"789","320982.13"
3683,"824","320980.57"
214,"865","320974.06"
3656,"802","320951.07"
2459,"846","320887.61"
1118,"774","320863.49"
2268,"810","320834.43"
112,"809","320796.08"
3978,"827","320786.66"
3913,"773","320700.13"
3573,"825","320604.54"
2117,"792","320598.31"
2764,"801","320550.26"
1378,"823","320549.52"
1632,"841","320442.87"
4780,"819","320427.67"
2174,"838","320398.23"
2331,"810","320292.68"
5299,"799","320292.40"
4984,"797","320180.48"
2849,"835","320179.85"
3841,"810","320170.42"
4971,"800","320145.23"
252,"842","320130.61"
1474,"776","320126.96"
1086,"824","320094.99"
5556,"873","320093.34"
258,"836","320063.15"
1255,"804","320057.32"
2476,"824","320052.41"
2304,"776","320037.53"
3388,"800","319962.75"
2303,"818","319896.32"
1472,"787","319867.67"
1320,"788","319853.11"
3480,"828","319781.06"
4385,"807","319778.03"
2743,"815","319704.67"
4699,"824","319646.06"
1461,"803","319613.68"
1385,"810","319606.46"
3309,"771","319586.44"
4223,"848","319413.24"
300,"847","319412.58"
1672,"785","319379.12"
227,"825","319376.18"
2504,"794","319231.17"
11,"835","319206.98"
3567,"831","319095.79"
4968,"849","319088.67"
3922,"843","319054.74"
4305,"843","318997.56"
1361,"803","318924.96"
242,"815","318919.22"
336,"778","318872.58"
325,"786","318872.57"
4541,"806","318871.64"
4619,"783","318809.60"
72,"769","318805.29"
2293,"790","318723.69"
4545,"852","318723.20"
3641,"830","318722.54"
2774,"839","318701.18"
4523,"832","318634.36"
1379,"777","318557.28"
3635,"785","318475.13"
4151,"799","318442.98"
4494,"861","318299.32"
2796,"856","318202.33"
4194,"817","318044.65"
292,"774","318004.27"
3,"782","317923.68"
3601,"784","317893.41"
228,"807","317861.36"
4970,"794","317832.06"
4607,"814","317830.49"
3199,"788","317830.02"
5085,"770","317827.73"
78,"811","317824.47"
3108,"824","317800.49"
4620,"838","317797.85"
5985,"795","317773.54"
3206,"784","317707.55"
4891,"756","317681.20"
5083,"820","317670.30"
91,"800","317666.93"
2422,"784","317596.79"
317,"816","317549.84"
1635,"819","317538.77"
3945,"817","317519.01"
3738,"813","317462.09"
5839,"825","317389.25"
5051,"779","317301.60"
4792,"816","317267.51"
1076,"826","317231.81"
3698,"820","317145.25"
5068,"815","317116.87"
2778,"790","317051.95"
4708,"788","317020.79"
213,"789","316986.37"
2204,"843","316835.85"
4741,"869","316801.30"
10,"803","316737.80"
4603,"829","316673.68"
4606,"788","316612.41"
1121,"778","316465.50"
5071,"812","316458.06"
339,"831","316442.65"
160,"813","316405.72"
3600,"805","316399.54"
3665,"775","316399.52"
4730,"797","316358.58"
3733,"803","316342.11"
4010,"826","316297.70"
1167,"784","316289.88"
3619,"835","316240.16"
4771,"826","316227.21"
2052,"782","316099.29"
1603,"783","316073.48"
2970,"808","316056.89"
3589,"800","316033.61"
4745,"828","316032.58"
3543,"839","315889.44"
274,"846","315862.47"
5004,"838","315828.46"
2389,"785","315739.24"
3437,"810","315727.36"
500,"826","315691.22"
3542,"849","315656.36"
305,"833","315602.72"
2154,"825","315602.16"
2609,"799","315597.40"
1633,"789","315586.60"
955,"775","315475.33"
1598,"810","315442.87"
290,"799","315436.67"
5078,"821","315376.63"
2964,"785","315314.75"
3525,"786","315306.44"
92,"795","315223.08"
2894,"804","315219.80"
3268,"828","315200.20"
5236,"811","315175.08"
2300,"803","315169.62"
337,"803","315148.47"
4945,"834","315066.47"
4054,"779","315043.18"
4913,"837","314954.09"
2429,"803","314930.73"
4863,"816","314919.41"
1577,"803","314918.68"
1252,"836","314885.79"
2029,"780","314831.58"
3875,"800","314823.11"
4725,"797","314781.42"
2270,"843","314775.57"
2115,"793","314579.97"
3490,"818","314511.19"
1330,"813","314472.73"
4736,"794","314442.70"
125,"827","314367.53"
2247,"799","314361.09"
4742,"772","314192.88"
2120,"844","314179.94"
3074,"822","314071.72"
4865,"779","314007.73"
219,"837","313926.37"
4734,"793","313801.02"
2230,"795","313753.50"
2033,"809","313747.54"
2162,"811","313709.05"
3072,"801","313612.13"
188,"765","313597.58"
73,"770","313590.37"
3858,"838","313554.38"
1710,"813","313383.24"
1823,"805","313273.27"
1851,"813","313241.66"
2310,"853","313185.93"
368,"830","313179.14"
2413,"818","313167.51"
2031,"808","313061.38"
3489,"837","313045.73"
4888,"775","313024.12"
1705,"802","312986.69"
4685,"775","312968.63"
2770,"852","312963.37"
313,"812","312904.34"
1075,"767","312868.53"
2766,"783","312852.56"
1183,"799","312726.07"
4554,"796","312604.62"
2319,"813","312496.19"
4954,"830","312328.97"
2686,"843","312256.25"
1550,"782","312196.30"
4991,"819","312191.97"
3329,"784","312176.79"
2198,"738","311997.84"
2789,"815","311986.86"
4853,"825","311911.51"
4625,"802","311844.33"
1812,"754","311835.20"
2461,"799","311797.60"
2329,"783","311734.84"
13,"774","311673.92"
5140,"794","311662.81"
1641,"801","311655.69"
4760,"816","311591.74"
1452,"820","311520.51"
88,"781","311396.38"
4911,"825","311349.17"
3397,"812","311290.61"
5952,"773","311286.94"
3402,"803","311208.92"
2463,"798","311146.32"
4065,"798","311141.05"
3362,"794","311043.69"
183,"863","311040.06"
3622,"816","311031.80"
4869,"771","310812.17"
157,"849","310806.17"
55,"798","310805.80"
1707,"798","310783.41"
5671,"855","310631.35"
114,"817","310615.11"
207,"814","310470.37"
3533,"784","310352.80"
5265,"816","310334.81"
1109,"804","310317.62"
1418,"824","310154.84"
1217,"785","310115.70"
5398,"829","310078.74"
4694,"825","310061.06"
2536,"813","309809.64"
1534,"821","309699.66"
4144,"784","309498.71"
2407,"786","309477.03"
3248,"807","309348.09"
1381,"800","309075.14"
2278,"835","308841.22"
3151,"794","308810.21"
922,"838","308788.37"
1312,"817","308770.39"
3663,"746","308715.19"
5873,"781","308676.28"
2008,"831","308350.70"
2128,"781","308301.34"
1526,"815","308264.40"
284,"816","308230.00"
3625,"832","308217.11"
4570,"801","308136.70"
1523,"843","308014.74"
1309,"760","308005.56"
1279,"801","307941.68"
135,"783","307938.72"
506,"787","307845.85"
6,"839","307744.08"
4855,"870","307683.62"
2015,"764","307543.01"
2488,"834","307524.43"
3398,"808","307399.00"
1429,"806","307348.93"
2252,"805","307347.73"
2145,"782","307107.01"
2322,"800","307079.13"
4831,"807","307063.84"
3524,"771","307012.19"
1287,"780","306823.73"
5535,"841","306816.27"
3669,"816","306770.75"
231,"771","306398.05"
4875,"861","306330.80"
3592,"800","305880.24"
47,"774","305736.31"
2279,"769","305560.41"
2415,"778","305548.46"
58,"787","305475.96"
3184,"813","305451.13"
1790,"809","305205.53"
4793,"780","305104.92"
403,"845","305010.69"
3639,"838","304491.63"
3383,"773","304458.76"
3060,"817","304284.06"
1316,"777","304181.67"
2489,"803","304131.21"
1358,"775","304094.82"
4799,"805","304008.40"
5855,"802","303932.27"
4845,"819","303745.85"
1954,"815","303628.50"
2072,"806","303395.98"
1301,"756","303299.14"
668,"805","303266.23"
4468,"753","303252.26"
1084,"791","303237.16"
2416,"839","303225.26"
5013,"798","303185.36"
2044,"788","303169.52"
1982,"845","303160.18"
23,"807","302869.44"
191,"825","302649.64"
1129,"845","302518.77"
2370,"783","302408.21"
4695,"776","302354.08"
3515,"797","302128.52"
1905,"765","302095.60"
1704,"776","301991.81"
1978,"838","301883.36"
5058,"793","301748.37"
1269,"821","301216.99"
3566,"802","301119.76"
4644,"830","300732.69"
3422,"828","300507.76"
1069,"837","300466.98"
4544,"762","300347.66"
2277,"815","300209.39"
5032,"825","300196.93"
3410,"805","300087.05"
1306,"799","299885.25"
5093,"812","299630.61"
5588,"819","299560.87"
2274,"794","299556.33"
5039,"817","299543.76"
2403,"782","299249.24"
2529,"788","299170.59"
1134,"730","299104.09"
2698,"786","298850.73"
2509,"824","298449.04"
4807,"754","298279.08"
3715,"823","297958.52"
3481,"773","297856.56"
4924,"788","297406.90"
2317,"773","297324.09"
1166,"739","297160.71"
3643,"807","296645.84"
217,"836","296548.61"
4422,"815","296333.62"
5088,"803","295635.39"
3710,"790","295039.35"
2399,"783","294732.81"
1346,"829","294624.96"
2761,"819","294405.66"
3522,"742","293058.32"
1267,"833","291819.47"
3571,"803","291701.81"
1392,"824","291115.56"
4948,"816","290959.32"
3577,"786","290367.47"
4182,"788","287565.77"
2153,"792","287242.51"
4754,"774","286128.55"
1057,"740","286058.39"
3716,"782","284366.07"
2731,"802","282812.33"
4877,"765","279863.83"
44,"748","277478.63"
1506,"777","276908.52"
5769,"208","88555.36"
2585,"175","87096.66"
1837,"182","86885.53"
919,"174","86480.81"
759,"168","86156.38"
2798,"177","86035.71"
2802,"180","85984.86"
940,"192","85830.32"
674,"182","85682.37"
927,"187","84420.06"
5500,"195","84389.77"
785,"164","84205.30"
5648,"185","83843.16"
4429,"160","83378.21"
681,"189","83173.18"
5192,"204","82779.69"
2921,"185","82623.48"
5710,"188","82563.16"
3282,"188","82189.23"
491,"186","82017.63"
5751,"184","81735.41"
717,"179","81532.29"
5224,"177","81514.98"
5992,"183","81512.93"
3023,"189","81478.49"
4374,"170","80884.06"
4307,"178","80740.33"
3135,"179","80709.30"
1788,"178","80418.80"
493,"175","80401.09"
5186,"179","80344.59"
5430,"214","80254.04"
5452,"171","80240.07"
1624,"158","80239.95"
1477,"176","80096.38"
4042,"177","80012.35"
2913,"175","79910.66"
1611,"171","79910.03"
817,"180","79888.47"
1677,"188","79860.49"
1432,"188","79795.77"
875,"170","79755.96"
4290,"164","79594.82"
2717,"177","79542.18"
1397,"168","79471.81"
5546,"184","79384.07"
5767,"180","79212.87"
4504,"211","79183.37"
4427,"166","79125.17"
3972,"186","79087.98"
828,"212","78965.93"
1779,"183","78921.60"
396,"180","78719.94"
1646,"186","78671.28"
2705,"169","78636.46"
3296,"191","78493.52"
1597,"179","78433.48"
618,"198","78418.38"
2924,"202","78300.61"
2788,"176","77993.59"
5461,"171","77887.75"
1601,"185","77543.70"
3817,"165","77543.45"
556,"176","77529.50"
820,"210","77518.15"
2683,"189","77355.29"
5334,"180","77114.11"
3894,"169","77004.19"
3961,"174","77001.72"
617,"157","76959.60"
4050,"200","76930.30"
465,"181","76918.81"
5406,"195","76812.41"
4147,"151","76800.19"
1984,"187","76786.69"
5237,"198","76718.15"
1580,"198","76585.68"
1692,"176","76553.87"
2625,"172","76553.82"
578,"180","76537.99"
3136,"183","76525.46"
2720,"178","76492.80"
2800,"177","76492.45"
5596,"180","76467.69"
5356,"181","76427.28"
726,"175","76420.25"
4281,"175","76347.61"
1805,"179","76275.79"
5821,"161","76274.29"
4327,"179","76160.78"
5230,"189","76157.82"
985,"179","76115.39"
2691,"171","76080.12"
5705,"172","76073.58"
787,"165","75972.97"
3246,"161","75962.67"
4332,"179","75913.47"
5337,"182","75903.10"
3814,"192","75859.56"
1536,"174","75731.11"
5806,"179","75707.47"
993,"173","75699.71"
5143,"164","75694.84"
4588,"168","75653.40"
935,"159","75641.53"
4228,"178","75621.60"
4406,"179","75617.22"
774,"175","75600.34"
2050,"184","75567.97"
439,"184","75494.11"
5752,"194","75485.27"
4525,"179","75461.98"
1992,"179","75437.52"
2595,"191","75416.40"
3851,"196","75332.27"
760,"178","75315.01"
3795,"189","75107.94"
524,"192","75097.43"
5273,"170","75032.65"
3103,"184","75021.47"
3962,"172","75018.42"
613,"187","75012.87"
2994,"173","74960.70"
5907,"190","74954.96"
5791,"194","74887.29"
3927,"168","74844.72"
1781,"166","74758.24"
5826,"177","74696.47"
3820,"186","74643.93"
3883,"157","74638.29"
5174,"175","74607.91"
2973,"196","74601.35"
547,"164","74585.34"
4529,"184","74533.40"
980,"171","74494.48"
1465,"170","74442.72"
2967,"169","74407.26"
4282,"166","74374.19"
5885,"183","74192.92"
4495,"179","74191.52"
3189,"183","74191.34"
4018,"165","74151.87"
5686,"175","74117.22"
2871,"186","74099.27"
5744,"181","74087.76"
5974,"190","74042.59"
829,"181","73986.49"
677,"189","73963.59"
2797,"186","73962.68"
2756,"189","73846.68"
5396,"182","73786.31"
4143,"181","73744.51"
2805,"171","73736.18"
2554,"169","73719.76"
4099,"176","73662.73"
3989,"180","73619.77"
5274,"178","73585.39"
3085,"176","73532.92"
5688,"171","73468.92"
1425,"175","73442.01"
5311,"178","73406.73"
5205,"179","73380.02"
5890,"177","73355.34"
5519,"177","73352.48"
3123,"181","73297.39"
3260,"182","73278.19"
5787,"182","73206.63"
803,"164","73192.96"
4598,"202","73083.21"
4013,"167","73079.57"
5503,"168","73001.47"
4257,"187","72987.33"
2715,"161","72984.11"
3782,"155","72968.03"
4080,"165","72962.69"
4420,"173","72962.39"
3209,"199","72948.31"
650,"184","72937.56"
3008,"191","72894.47"
4439,"177","72876.28"
3047,"186","72868.61"
3992,"178","72859.50"
5448,"176","72812.16"
5955,"185","72775.54"
5969,"152","72756.39"
424,"187","72726.25"
2560,"152","72626.89"
616,"183","72620.17"
636,"181","72616.12"
2782,"187","72613.22"
441,"149","72608.94"
4040,"184","72585.10"
4309,"182","72487.57"
3243,"173","72475.19"
766,"184","72471.42"
5706,"191","72429.68"
5665,"162","72413.40"
4067,"169","72376.82"
2574,"182","72340.55"
3204,"192","72324.90"
4592,"166","72319.21"
1484,"184","72312.82"
4512,"185","72298.66"
1400,"182","72298.59"
2565,"181","72256.71"
651,"168","72243.88"
671,"183","72218.36"
2771,"185","72216.43"
666,"182","72208.42"
813,"188","72173.94"
366,"169","72157.68"
1830,"169","72129.68"
1998,"172","72098.49"
5366,"171","72092.60"
3075,"171","72089.85"
5400,"174","72046.78"
2915,"171","72039.98"
1421,"169","72028.96"
4160,"182","72009.99"
5533,"180","72004.85"
4110,"161","71962.83"
2664,"174","71960.34"
4218,"190","71959.17"
597,"181","71935.85"
1493,"186","71928.80"
1952,"166","71917.59"
422,"162","71916.91"
4458,"159","71903.65"
2592,"176","71873.23"
609,"177","71872.24"
2899,"194","71870.96"
978,"171","71870.78"
5420,"161","71869.05"
4526,"172","71866.50"
5627,"181","71837.43"
2726,"172","71770.02"
2959,"164","71761.82"
4012,"159","71752.75"
3057,"180","71733.39"
3904,"179","71728.40"
3300,"180","71672.24"
660,"199","71612.89"
806,"149","71594.78"
1552,"195","71593.93"
5979,"170","71576.97"
2858,"188","71548.84"
1733,"191","71537.76"
2866,"171","71484.11"
2580,"176","71458.54"
4537,"182","71430.32"
5905,"182","71395.43"
1866,"175","71389.85"
452,"186","71389.17"
5550,"194","71287.84"
4393,"152","71283.74"
948,"171","71263.01"
5918,"185","71260.87"
5865,"169","71249.29"
5749,"163","71237.62"
4072,"160","71226.39"
4582,"159","71210.21"
4210,"159","71208.00"
1504,"161","71133.25"
946,"148","71107.13"
5729,"174","71106.27"
4552,"193","71103.68"
821,"167","71095.41"
5972,"166","71092.85"
2645,"156","71091.41"
5465,"169","71083.20"
2602,"163","71065.17"
4314,"175","71030.50"
402,"173","71019.30"
4372,"183","70964.93"
528,"170","70925.05"
531,"175","70843.82"
1600,"156","70837.86"
5278,"180","70831.48"
826,"164","70827.10"
1929,"172","70809.48"
3816,"182","70795.31"
2869,"177","70791.17"
5930,"172","70723.41"
3272,"154","70702.63"
2978,"165","70692.15"
5144,"187","70691.27"
5518,"163","70659.39"
4022,"159","70657.80"
2630,"196","70643.05"
3197,"176","70632.83"
805,"181","70627.02"
5603,"166","70542.91"
2885,"175","70535.11"
767,"176","70521.62"
4011,"161","70451.61"
1661,"191","70405.98"
691,"176","70393.18"
5110,"167","70357.98"
4185,"201","70351.81"
4060,"171","70332.43"
3014,"171","70331.11"
3847,"174","70324.05"
4001,"159","70313.32"
4349,"196","70297.76"
5652,"170","70270.69"
4432,"189","70270.39"
5136,"183","70258.69"
5932,"185","70250.25"
5102,"170","70242.17"
1898,"173","70240.32"
5807,"165","70221.65"
5600,"160","70215.84"
374,"174","70203.90"
3758,"176","70193.89"
1895,"173","70189.67"
657,"176","70155.23"
5225,"178","70085.02"
5327,"144","70059.16"
884,"184","70030.75"
585,"164","70030.36"
4520,"165","70027.39"
5338,"185","69978.96"
4390,"161","69970.41"
607,"165","69962.48"
5805,"180","69936.38"
1559,"171","69898.46"
5301,"174","69882.20"
3082,"162","69871.77"
3810,"186","69855.54"
5493,"166","69851.72"
5667,"194","69839.09"
5142,"179","69823.20"
872,"167","69822.93"
5909,"174","69820.92"
2577,"166","69819.39"
3844,"173","69809.41"
589,"174","69799.47"
633,"186","69795.88"
5672,"173","69790.11"
4184,"169","69773.84"
3898,"180","69760.57"
959,"180","69750.64"
3239,"179","69710.73"
5939,"174","69664.19"
891,"164","69632.13"
4566,"164","69626.82"
2067,"166","69619.09"
4376,"185","69612.10"
5609,"162","69607.66"
1777,"152","69572.96"
4455,"167","69538.47"
4044,"150","69485.51"
4521,"169","69455.90"
1900,"183","69426.52"
5437,"170","69415.29"
5872,"165","69408.93"
3868,"164","69369.13"
5784,"165","69354.42"
2668,"156","69343.04"
471,"177","69341.56"
5464,"158","69338.57"
5954,"162","69330.43"
4260,"164","69328.42"
4507,"172","69307.69"
5739,"178","69283.47"
5604,"175","69280.46"
5436,"162","69280.39"
5562,"169","69244.99"
5920,"177","69243.16"
5778,"189","69229.30"
1651,"182","69215.99"
4068,"167","69200.65"
5364,"187","69173.42"
1595,"169","69162.26"
2758,"166","69160.57"
905,"182","69138.61"
5727,"177","69115.30"
5938,"180","69109.06"
5943,"170","69107.45"
1921,"187","69098.31"
474,"175","69082.89"
4055,"171","69069.61"
4397,"184","69062.84"
1669,"169","69044.55"
3028,"169","69026.82"
1545,"187","69021.43"
5548,"159","69014.42"
395,"165","68986.41"
2669,"169","68959.74"
5458,"187","68944.99"
537,"174","68941.24"
2569,"163","68937.29"
532,"184","68929.60"
956,"176","68893.31"
4517,"175","68888.60"
3150,"173","68875.98"
825,"184","68825.95"
797,"176","68810.71"
5651,"193","68801.71"
653,"177","68797.70"
782,"178","68783.67"
1938,"177","68779.38"
5655,"182","68770.09"
1798,"172","68760.16"
4094,"176","68720.40"
5428,"196","68687.66"
3220,"188","68671.41"
3840,"172","68667.17"
3119,"154","68639.45"
4073,"168","68614.63"
4062,"179","68607.02"
3041,"180","68602.32"
755,"165","68593.35"
5267,"168","68582.37"
4098,"190","68560.05"
5483,"163","68554.80"
2935,"184","68529.14"
5293,"197","68510.74"
4259,"178","68461.01"
1718,"179","68448.12"
4145,"176","68442.79"
3957,"149","68436.99"
5581,"183","68428.78"
2040,"169","68427.12"
5597,"174","68420.64"
742,"166","68418.92"
5195,"161","68416.65"
4396,"177","68414.88"
772,"162","68411.28"
3979,"167","68397.75"
4499,"165","68394.96"
5197,"176","68392.50"
5780,"176","68384.22"
5881,"180","68359.17"
5893,"165","68358.58"
2021,"184","68358.57"
5227,"166","68351.98"
561,"163","68346.33"
3763,"171","68330.23"
451,"158","68329.63"
2997,"162","68299.58"
3908,"159","68289.58"
2043,"181","68271.26"
754,"159","68271.18"
5253,"182","68249.04"
3005,"162","68243.37"
599,"170","68227.20"
1937,"179","68148.57"
735,"180","68120.60"
831,"180","68119.24"
4323,"158","68103.91"
3815,"173","68085.81"
5976,"177","68049.58"
429,"170","68045.35"
714,"165","68039.56"
5714,"183","67971.55"
2098,"162","67969.65"
3121,"163","67954.52"
2693,"170","67942.30"
4203,"171","67938.25"
1648,"145","67922.71"
1745,"173","67913.46"
646,"151","67877.19"
4567,"178","67875.37"
2088,"187","67873.80"
5245,"178","67861.88"
4222,"174","67843.17"
5616,"172","67833.94"
1751,"177","67816.99"
448,"165","67803.72"
3811,"176","67796.58"
5239,"171","67795.21"
543,"188","67789.49"
626,"189","67786.99"
1398,"205","67785.49"
3004,"167","67784.74"
5571,"168","67737.08"
400,"193","67731.34"
3050,"165","67726.47"
4414,"156","67723.21"
1840,"194","67703.08"
1453,"180","67695.63"
1810,"170","67685.70"
1431,"175","67679.16"
904,"172","67678.14"
1768,"170","67677.08"
4059,"170","67663.34"
2004,"164","67650.78"
5898,"171","67635.95"
2603,"174","67627.66"
4101,"178","67627.28"
4192,"166","67619.69"
3053,"187","67598.83"
1698,"178","67573.23"
5173,"172","67563.02"
5800,"171","67541.12"
5897,"174","67533.34"
1512,"166","67531.11"
4312,"164","67529.02"
3055,"171","67528.12"
2699,"181","67520.03"
2982,"198","67520.00"
5830,"180","67518.43"
4320,"176","67503.50"
5326,"176","67442.73"
822,"203","67433.69"
2534,"195","67429.90"
1693,"170","67428.47"
5446,"182","67427.81"
1686,"171","67415.08"
529,"172","67408.69"
3067,"172","67397.63"
1605,"161","67390.55"
972,"171","67372.48"
729,"188","67366.50"
2587,"188","67349.14"
4245,"151","67344.79"
1685,"175","67340.57"
2597,"183","67316.13"
5488,"177","67302.16"
3148,"164","67293.92"
3065,"168","67286.53"
2639,"172","67284.00"
4543,"179","67282.58"
4418,"178","67263.03"
900,"174","67221.58"
5409,"199","67217.25"
415,"171","67207.28"
4139,"178","67195.80"
4430,"159","67186.88"
3943,"171","67175.15"
5558,"155","67173.07"
517,"167","67168.63"
4081,"177","67154.46"
4473,"174","67153.24"
5249,"183","67149.16"
2760,"183","67148.88"
2825,"177","67145.08"
4329,"180","67135.65"
3089,"171","67130.77"
5735,"187","67112.46"
5383,"175","67103.09"
3077,"175","67085.64"
4548,"191","67079.18"
3960,"158","67070.60"
3930,"147","67066.69"
5517,"166","67064.15"
4589,"150","67062.51"
1462,"169","67048.79"
5662,"180","67048.35"
777,"178","67043.15"
1675,"180","67041.01"
611,"188","67039.49"
4136,"178","67036.62"
577,"185","67033.80"
1441,"167","67012.60"
2902,"187","66988.32"
5656,"159","66982.17"
954,"189","66981.94"
3256,"182","66979.58"
4384,"166","66954.51"
3916,"172","66952.94"
723,"166","66935.48"
707,"187","66924.20"
4076,"169","66918.72"
5471,"166","66904.29"
4097,"173","66867.23"
737,"168","66849.93"
638,"174","66840.88"
2095,"170","66831.38"
3783,"144","66788.81"
1634,"177","66779.43"
1561,"170","66773.46"
5541,"175","66755.07"
5482,"165","66740.48"
937,"183","66738.28"
3854,"157","66734.42"
2654,"188","66727.55"
2735,"192","66697.82"
4130,"170","66689.02"
5339,"156","66666.42"
5185,"165","66632.81"
2813,"153","66626.82"
5823,"169","66602.42"
1880,"174","66600.42"
870,"174","66595.27"
5358,"172","66592.86"
518,"177","66581.25"
555,"168","66575.90"
5145,"171","66574.06"
5233,"157","66571.54"
2895,"186","66545.58"
3263,"164","66533.72"
5623,"171","66530.07"
5325,"184","66517.74"
5971,"163","66511.77"
2061,"154","66506.88"
4176,"183","66505.97"
4294,"176","66503.50"
5659,"172","66499.80"
3154,"172","66498.04"
5947,"172","66498.00"
4480,"196","66486.99"
1636,"197","66482.01"
2916,"172","66466.14"
5403,"172","66440.33"
3229,"170","66430.54"
5133,"175","66419.19"
1679,"163","66380.68"
4131,"174","66362.18"
4340,"196","66348.66"
1738,"180","66326.62"
5138,"155","66324.54"
743,"167","66316.15"
3104,"179","66308.41"
2623,"156","66307.54"
1560,"155","66294.81"
5135,"173","66288.37"
5831,"165","66279.56"
5352,"166","66277.43"
2958,"155","66276.03"
5963,"180","66270.55"
4447,"177","66269.11"
708,"181","66264.84"
2552,"163","66259.90"
877,"165","66241.39"
4122,"161","66216.43"
1466,"170","66216.05"
5595,"175","66207.63"
478,"163","66200.54"
1537,"170","66200.50"
662,"166","66174.51"
3031,"149","66174.02"
4187,"170","66151.92"
4077,"166","66150.61"
670,"176","66149.38"
4181,"187","66139.82"
4426,"187","66139.39"
3772,"185","66135.72"
1544,"188","66120.04"
1774,"168","66107.11"
472,"180","66102.31"
2733,"188","66098.72"
1741,"195","66089.48"
2969,"178","66085.48"
4087,"179","66084.81"
3152,"180","66063.77"
3802,"180","66043.08"
5777,"175","66021.12"
2023,"163","66009.40"
4296,"182","65989.93"
4456,"163","65979.78"
3098,"155","65978.02"
3076,"150","65968.90"
5209,"162","65939.89"
2729,"176","65933.36"
1599,"178","65928.59"
5540,"181","65926.90"
1538,"171","65926.17"
3013,"170","65924.49"
1752,"162","65921.50"
5891,"190","65910.29"
426,"171","65899.96"
2702,"154","65886.40"
2976,"190","65866.03"
4331,"180","65864.06"
587,"178","65848.49"
436,"165","65822.77"
558,"162","65819.11"
5921,"173","65797.84"
5950,"155","65791.19"
5128,"176","65780.57"
5222,"161","65758.30"
5690,"184","65752.86"
389,"174","65746.84"
5179,"171","65734.32"
745,"169","65726.28"
930,"166","65724.44"
5534,"177","65714.77"
1853,"170","65708.64"
4277,"176","65706.69"
2687,"174","65690.43"
407,"180","65686.36"
864,"175","65674.90"
5394,"186","65666.42"
1784,"182","65663.67"
5475,"162","65633.92"
5975,"167","65619.69"
5343,"177","65614.43"
2542,"173","65607.66"
5132,"145","65600.08"
2795,"176","65583.13"
4078,"182","65544.45"
1962,"169","65540.15"
514,"164","65538.19"
1852,"164","65536.45"
5822,"183","65531.02"
5504,"188","65529.27"
5594,"175","65503.30"
5908,"170","65487.64"
5877,"165","65472.01"
5624,"184","65453.16"
4286,"160","65441.91"
3891,"166","65369.33"
2820,"179","65343.60"
4555,"187","65341.37"
2828,"181","65310.64"
1833,"180","65285.96"
4433,"156","65272.33"
2873,"189","65263.67"
1818,"161","65260.76"
5760,"169","65259.79"
4291,"170","65249.54"
4220,"153","65248.17"
450,"155","65233.21"
3799,"171","65212.65"
1556,"149","65204.48"
1819,"180","65191.17"
5916,"185","65149.02"
1803,"165","65122.34"
4557,"176","65107.14"
486,"171","65106.36"
3092,"176","65101.17"
4186,"169","65093.48"
4450,"170","65089.44"
2551,"181","65073.20"
5696,"173","65049.23"
4236,"165","65044.09"
4207,"166","65042.12"
4498,"166","65012.86"
1554,"203","65011.04"
2535,"161","64999.56"
2081,"169","64993.29"
1778,"156","64985.13"
5196,"164","64949.74"
2793,"195","64945.99"
5879,"176","64942.73"
2616,"165","64935.69"
1706,"174","64927.93"
5283,"184","64925.52"
746,"176","64907.63"
921,"172","64906.73"
1727,"180","64895.80"
3147,"170","64874.07"
2091,"183","64863.34"
4476,"183","64860.38"
2867,"165","64848.30"
5802,"190","64844.40"
686,"175","64840.21"
2815,"171","64831.44"
3984,"146","64818.93"
2548,"183","64811.82"
5915,"170","64808.55"
2082,"192","64805.82"
667,"185","64791.97"
5445,"164","64791.87"
4587,"158","64789.67"
5252,"180","64788.62"
4346,"179","64786.17"
5345,"184","64770.41"
1988,"192","64764.99"
4197,"180","64741.35"
1960,"174","64726.39"
4253,"171","64709.64"
4383,"188","64706.11"
3862,"185","64690.95"
773,"182","64685.56"
990,"161","64652.82"
2790,"174","64635.53"
457,"167","64635.14"
2671,"167","64633.62"
3016,"173","64632.11"
5362,"171","64596.70"
3757,"161","64592.40"
5381,"196","64592.37"
5965,"190","64589.53"
869,"181","64588.01"
5247,"145","64586.03"
647,"165","64583.89"
5577,"168","64570.28"
738,"176","64564.08"
703,"182","64553.84"
3163,"175","64546.32"
3141,"157","64546.04"
5472,"181","64535.48"
5360,"178","64534.62"
5863,"178","64532.27"
640,"179","64526.79"
3035,"167","64515.51"
5761,"170","64513.54"
4363,"170","64493.72"
4103,"185","64490.45"
5217,"177","64488.57"
5257,"187","64480.74"
4373,"162","64469.24"
3036,"183","64468.01"
5177,"168","64462.30"
4188,"175","64457.43"
5524,"181","64437.00"
2833,"156","64436.35"
1974,"173","64427.20"
5695,"195","64423.66"
5148,"170","64422.97"
5713,"165","64412.26"
5835,"185","64403.06"
1455,"164","64385.34"
3101,"178","64374.99"
5164,"176","64369.21"
944,"174","64348.29"
1424,"154","64346.86"
1528,"170","64336.48"
4335,"150","64333.57"
2559,"187","64316.02"
4492,"165","64312.66"
3226,"174","64305.23"
4201,"177","64281.68"
5967,"189","64252.73"
1522,"167","64245.13"
4235,"183","64234.31"
5373,"139","64230.35"
2980,"174","64226.84"
5335,"163","64209.43"
4446,"156","64204.88"
5906,"168","64204.66"
3769,"166","64186.65"
925,"157","64185.57"
961,"178","64185.08"
5625,"155","64180.93"
2713,"162","64154.10"
5574,"163","64149.96"
2856,"146","64137.35"
5172,"159","64126.29"
2056,"181","64125.18"
5187,"165","64123.91"
4048,"173","64114.67"
4056,"192","64113.22"
5957,"166","64112.52"
3987,"182","64079.00"
2918,"171","64065.51"
4558,"180","64051.04"
1435,"167","64040.88"
5509,"166","64039.95"
1924,"186","64017.41"
5715,"176","64012.93"
2672,"189","64004.51"
3899,"145","63992.69"
1928,"180","63988.94"
4400,"182","63971.44"
5858,"171","63945.91"
5634,"165","63944.72"
2634,"166","63934.91"
2838,"171","63918.96"
2060,"173","63916.48"
579,"166","63915.82"
5772,"163","63909.09"
5650,"166","63899.47"
5200,"178","63877.13"
725,"153","63860.82"
2750,"175","63854.37"
740,"174","63805.75"
5940,"162","63804.11"
5818,"180","63798.80"
5592,"178","63784.94"
881,"166","63780.76"
3829,"174","63757.96"
947,"182","63741.11"
4036,"175","63723.95"
511,"152","63717.78"
3890,"163","63713.32"
3787,"182","63706.91"
3146,"172","63693.61"
3124,"183","63690.04"
692,"164","63683.33"
5987,"182","63680.03"
5182,"145","63678.91"
3803,"177","63677.67"
2933,"163","63672.99"
4388,"176","63626.18"
5942,"193","63622.87"
584,"192","63598.67"
5219,"187","63598.44"
690,"167","63557.13"
953,"169","63555.09"
918,"177","63546.54"
3963,"186","63544.78"
5487,"166","63531.70"
4560,"155","63512.36"
428,"181","63511.17"
3789,"154","63507.61"
5989,"169","63504.19"
3231,"186","63490.34"
1899,"154","63484.61"
1663,"181","63475.82"
697,"154","63474.67"
3073,"166","63469.54"
1403,"167","63468.79"
694,"169","63447.31"
4161,"161","63445.10"
888,"154","63441.50"
553,"174","63433.09"
5629,"155","63431.92"
971,"166","63427.76"
682,"168","63427.18"
1500,"173","63426.85"
5958,"156","63385.90"
5204,"184","63358.48"
2013,"162","63355.13"
5480,"187","63353.14"
2660,"165","63330.24"
698,"162","63322.13"
1515,"173","63319.72"
5679,"159","63316.21"
459,"158","63314.04"
4575,"186","63304.13"
4354,"192","63292.66"
600,"164","63292.16"
1747,"171","63290.32"
445,"165","63286.94"
5732,"170","63275.21"
5347,"165","63266.38"
352,"170","63247.61"
5745,"173","63234.16"
5565,"168","63222.13"
5199,"171","63209.73"
5560,"166","63186.06"
929,"174","63174.81"
382,"164","63172.19"
361,"172","63163.02"
5513,"185","63158.56"
4572,"180","63150.84"
418,"145","63137.72"
5552,"172","63134.93"
4170,"154","63133.13"
5663,"180","63122.71"
5271,"192","63112.66"
2679,"164","63111.05"
1915,"184","63107.63"
5914,"180","63103.22"
2543,"167","63089.62"
2638,"166","63056.85"
425,"154","63056.35"
1717,"169","63056.05"
5369,"157","63051.13"
615,"165","63046.93"
3786,"175","63046.22"
5676,"191","63045.80"
2772,"166","63045.55"
845,"160","63032.06"
2537,"175","62994.41"
4283,"166","62994.34"
410,"188","62993.98"
841,"170","62991.66"
3211,"167","62991.13"
1497,"160","62990.57"
5711,"172","62968.69"
5605,"164","62946.70"
1590,"158","62946.60"
4205,"177","62940.28"
4595,"176","62925.34"
5112,"174","62918.87"
3205,"180","62913.05"
4209,"178","62905.68"
562,"165","62903.04"
2840,"159","62902.93"
1553,"159","62886.58"
502,"166","62836.60"
2930,"170","62807.29"
1932,"181","62807.16"
503,"155","62803.72"
4088,"151","62803.67"
492,"157","62772.72"
3245,"173","62768.16"
5660,"175","62762.96"
2827,"144","62760.31"
1955,"151","62750.22"
4028,"148","62739.49"
3236,"174","62735.34"
839,"178","62722.44"
3079,"174","62719.17"
3069,"155","62692.53"
768,"170","62688.41"
3228,"178","62678.04"
376,"170","62674.92"
5410,"177","62672.18"
509,"155","62660.86"
5586,"159","62650.40"
632,"189","62630.91"
5691,"165","62626.25"
5188,"177","62620.31"
4485,"174","62613.78"
3185,"142","62599.22"
4536,"181","62593.29"
3893,"185","62587.82"
3852,"175","62587.06"
3111,"180","62559.96"
4438,"158","62553.75"
546,"168","62550.26"
4411,"173","62550.12"
5846,"159","62547.23"
2655,"169","62546.28"
5474,"186","62529.32"
5737,"173","62521.36"
4285,"142","62508.06"
3855,"177","62505.89"
2662,"168","62492.14"
5961,"172","62490.77"
5573,"176","62440.30"
468,"160","62420.59"
5492,"171","62408.71"
362,"175","62388.37"
1676,"184","62386.52"
3045,"174","62374.87"
5365,"176","62368.77"
4581,"180","62353.97"
5153,"168","62339.56"
720,"172","62338.85"
685,"169","62334.87"
699,"194","62322.02"
391,"151","62311.95"
1483,"182","62291.41"
1519,"163","62291.02"
3880,"158","62288.82"
1864,"155","62279.19"
404,"178","62275.69"
354,"150","62274.66"
2590,"166","62273.40"
5287,"166","62272.48"
477,"160","62252.60"
1662,"183","62223.83"
573,"179","62218.19"
359,"162","62217.06"
5386,"161","62211.31"
5868,"185","62207.34"
2762,"167","62184.53"
5351,"154","62169.27"
3096,"184","62163.33"
5809,"183","62163.19"
2656,"172","62150.30"
889,"150","62143.65"
2962,"184","62140.71"
3283,"166","62124.38"
4177,"159","62098.77"
5953,"163","62098.68"
394,"172","62098.46"
5968,"163","62098.33"
2567,"173","62089.16"
5094,"170","62086.14"
2557,"178","62080.80"
1687,"170","62079.85"
2749,"160","62065.16"
4037,"170","62060.95"
5740,"150","62047.81"
4226,"173","62034.78"
4244,"176","62033.97"
3140,"199","62011.16"
5226,"171","62006.86"
952,"171","61997.46"
1524,"172","61997.12"
5141,"169","61994.79"
1647,"177","61992.89"
4239,"160","61987.60"
5425,"183","61978.33"
5415,"170","61964.21"
933,"164","61916.86"
5628,"160","61891.90"
3063,"160","61888.11"
858,"156","61886.95"
2995,"183","61865.97"
659,"173","61860.86"
4219,"180","61859.21"
3845,"147","61857.62"
4004,"168","61838.35"
5601,"166","61833.62"
2561,"186","61833.03"
5795,"177","61821.98"
3912,"165","61814.53"
1437,"175","61810.89"
2845,"161","61810.51"
460,"173","61792.57"
2604,"169","61783.29"
1643,"171","61775.90"
4198,"166","61769.58"
2870,"164","61763.89"
711,"150","61760.54"
5664,"170","61749.80"
5724,"173","61747.32"
5422,"181","61734.08"
4249,"171","61725.46"
4301,"189","61721.52"
3942,"167","61718.98"
5126,"179","61717.90"
458,"175","61716.25"
1607,"186","61699.28"
4586,"162","61683.45"
2618,"175","61673.47"
1857,"197","61655.09"
487,"146","61647.52"
4172,"165","61644.67"
564,"178","61633.33"
2077,"178","61630.33"
386,"161","61627.67"
5228,"175","61621.83"
3813,"166","61617.16"
2765,"157","61617.11"
5207,"168","61603.79"
3277,"165","61589.58"
462,"150","61589.48"
1517,"176","61564.42"
1758,"165","61563.76"
367,"148","61562.34"
3867,"163","61559.43"
3175,"169","61546.02"
3251,"197","61526.66"
5313,"160","61525.99"
3999,"177","61525.19"
915,"168","61518.30"
984,"150","61515.67"
4280,"157","61508.97"
513,"169","61507.63"
2953,"166","61498.91"
2804,"177","61496.08"
648,"182","61495.00"
4497,"172","61485.83"
1809,"161","61483.70"
5643,"164","61480.81"
4016,"174","61475.24"
2571,"169","61466.46"
3088,"164","61441.49"
2887,"174","61438.74"
3807,"188","61434.87"
1993,"173","61415.78"
592,"158","61413.82"
3161,"161","61407.41"
932,"164","61401.36"
5773,"157","61382.88"
542,"166","61373.13"
3925,"157","61367.32"
5703,"162","61354.92"
899,"163","61334.67"
5484,"180","61316.08"
753,"175","61298.10"
4195,"164","61287.25"
5531,"149","61286.79"
4502,"178","61266.26"
3964,"171","61260.22"
1942,"155","61258.06"
3833,"168","61246.82"
2846,"170","61246.43"
5828,"178","61240.16"
1406,"161","61238.87"
5289,"164","61232.84"
3039,"179","61222.92"
2723,"167","61212.16"
4514,"154","61212.16"
2938,"186","61209.57"
603,"185","61207.64"
455,"173","61200.73"
1996,"150","61200.67"
4086,"164","61197.23"
5421,"176","61176.49"
3176,"171","61168.59"
4459,"163","61166.89"
5981,"177","61163.51"
392,"190","61158.52"
731,"187","61158.10"
2949,"181","61157.45"
684,"172","61157.31"
5221,"171","61150.07"
623,"171","61141.65"
943,"160","61139.25"
1638,"172","61131.86"
5635,"167","61116.37"
5105,"167","61116.03"
586,"164","61109.48"
709,"168","61109.04"
2884,"166","61103.35"
2906,"160","61075.29"
3804,"156","61070.05"
1794,"171","61062.95"
2831,"166","61060.04"
5423,"184","61058.81"
2675,"166","61054.66"
3049,"173","61053.28"
545,"164","61048.15"
3128,"182","61022.88"
969,"171","61017.14"
5607,"159","61012.97"
1934,"176","61007.19"
847,"167","60991.17"
5439,"176","60979.07"
5883,"179","60949.70"
5246,"170","60913.19"
5178,"180","60908.07"
2540,"176","60892.40"
510,"175","60892.21"
5160,"183","60891.93"
4183,"171","60889.87"
1785,"175","60888.73"
2711,"165","60883.11"
433,"163","60879.57"
1726,"158","60877.70"
5861,"173","60874.09"
3215,"162","60855.98"
970,"164","60844.86"
3224,"163","60807.82"
5113,"180","60803.85"
5668,"157","60800.87"
5924,"148","60793.93"
4519,"181","60791.36"
5949,"161","60772.44"
1987,"160","60764.24"
4284,"166","60761.23"
2593,"167","60755.62"
569,"168","60750.04"
625,"163","60748.50"
4597,"156","60744.59"
669,"168","60742.73"
1518,"156","60739.83"
3054,"186","60720.73"
893,"165","60715.88"
890,"174","60715.68"
1883,"153","60715.39"
480,"181","60711.50"
1829,"163","60706.98"
5783,"169","60706.65"
2635,"177","60680.85"
4596,"153","60638.78"
4233,"171","60626.57"
2059,"165","60623.91"
5937,"161","60619.02"
928,"156","60608.54"
2819,"170","60605.02"
5331,"162","60599.27"
5726,"160","60599.10"
2620,"171","60587.03"
1664,"179","60580.67"
1841,"152","60575.69"
2022,"164","60571.79"
5308,"142","60561.16"
356,"162","60557.75"
5275,"186","60557.66"
5124,"177","60551.82"
3885,"177","60546.13"
5238,"157","60520.41"
3284,"171","60515.74"
380,"167","60514.49"
2742,"161","60510.90"
5392,"166","60510.67"
705,"192","60502.28"
3202,"180","60501.67"
1508,"168","60485.42"
963,"168","60484.00"
4112,"163","60472.88"
2613,"163","60461.31"
4264,"165","60459.88"
4449,"169","60440.29"
5632,"163","60416.80"
5280,"169","60410.99"
706,"157","60389.90"
5512,"166","60387.05"
5829,"164","60362.74"
2824,"186","60360.34"
1684,"173","60359.37"
4478,"187","60339.68"
2573,"167","60333.40"
4273,"180","60333.09"
3759,"182","60322.54"
3775,"180","60315.54"
5305,"186","60310.01"
5298,"166","60306.70"
4074,"159","60301.80"
5962,"177","60301.48"
1865,"179","60276.80"
5786,"163","60271.69"
5516,"175","60257.25"
1811,"182","60252.73"
4381,"157","60248.46"
5801,"172","60248.07"
917,"162","60235.76"
4204,"148","60235.36"
4200,"161","60216.94"
590,"158","60198.67"
4318,"171","60192.93"
645,"180","60190.34"
2701,"168","60189.64"
4542,"185","60181.28"
1870,"152","60171.94"
536,"168","60169.69"
1931,"179","60167.33"
2685,"149","60154.58"
420,"167","60153.52"
5378,"152","60143.21"
3897,"152","60139.29"
5454,"177","60136.25"
1386,"179","60124.36"
481,"161","60122.98"
2787,"164","60116.86"
3043,"171","60116.78"
1613,"158","60115.64"
2960,"158","60111.59"
5980,"167","60103.45"
5213,"168","60103.37"
5812,"170","60101.29"
855,"169","60096.13"
2907,"168","60087.15"
2799,"181","60081.22"
5649,"176","60064.09"
5514,"178","60057.74"
2835,"166","60057.74"
862,"164","60056.51"
3207,"176","60040.38"
3968,"167","60035.16"
1765,"151","60024.23"
467,"156","60023.56"
580,"155","60019.98"
5317,"179","60009.12"
5489,"181","60003.27"
2936,"148","59999.80"
5453,"184","59982.08"
4119,"177","59976.69"
4114,"173","59976.51"
1401,"161","59973.90"
4431,"161","59973.82"
3870,"164","59971.53"
5201,"158","59962.77"
4262,"152","59952.22"
3791,"150","59950.87"
1897,"179","59950.14"
397,"161","59944.05"
2610,"164","59942.18"
3038,"172","59935.27"
4237,"172","59920.65"
3222,"162","59918.42"
951,"159","59917.16"
1476,"173","59914.26"
610,"181","59909.40"
5614,"166","59907.94"
2942,"151","59906.70"
3033,"148","59903.65"
2822,"164","59901.93"
4342,"160","59892.41"
3139,"146","59890.64"
4380,"187","59885.22"
447,"161","59877.63"
5928,"171","59876.34"
2079,"178","59867.84"
1936,"161","59856.17"
3278,"184","59849.47"
5376,"170","59839.14"
2690,"163","59826.98"
3755,"158","59826.08"
4038,"180","59816.99"
4350,"161","59816.51"
4576,"150","59814.19"
5456,"169","59810.37"
4357,"171","59807.58"
406,"172","59794.38"
5194,"171","59777.96"
1791,"187","59775.78"
1582,"165","59767.13"
414,"169","59746.63"
3084,"151","59746.21"
5501,"180","59729.94"
4214,"171","59721.18"
3835,"160","59716.52"
432,"148","59716.00"
5913,"157","59709.23"
2861,"166","59707.77"
3819,"176","59703.85"
2598,"168","59696.70"
5903,"167","59695.69"
5429,"175","59692.60"
642,"177","59675.25"
5768,"161","59665.35"
5476,"154","59663.56"
488,"167","59658.96"
3836,"179","59644.41"
5584,"169","59640.33"
819,"165","59638.85"
4191,"158","59631.91"
3242,"166","59627.75"
718,"157","59624.81"
854,"171","59623.90"
5215,"185","59621.87"
4206,"171","59615.93"
1930,"168","59608.60"
4472,"174","59594.31"
5391,"152","59587.85"
5152,"164","59586.42"
5966,"165","59571.36"
1860,"161","59566.56"
469,"162","59562.77"
2968,"186","59553.33"
741,"169","59551.19"
1390,"154","59546.47"
3941,"176","59545.13"
1671,"166","59544.29"
1578,"156","59540.17"
5206,"161","59528.56"
5815,"156","59524.48"
974,"160","59515.39"
3173,"173","59509.10"
4547,"165","59493.42"
5887,"149","59487.29"
4275,"182","59481.78"
1563,"177","59477.94"
4071,"167","59472.13"
5680,"184","59459.42"
2912,"167","59453.66"
5900,"158","59448.91"
5302,"147","59430.99"
2859,"177","59426.90"
5218,"161","59426.82"
5640,"177","59413.06"
1479,"172","59397.66"
3109,"176","59393.10"
5977,"166","59392.84"
3830,"172","59384.98"
5566,"150","59360.64"
2966,"159","59357.85"
1562,"169","59356.79"
3889,"177","59354.18"
4063,"150","59329.30"
3115,"174","59317.02"
5766,"160","59316.04"
808,"161","59308.58"
3938,"166","59308.29"
4289,"156","59297.38"
4585,"149","59293.08"
1991,"169","59291.06"
2538,"166","59286.27"
4014,"155","59277.40"
5722,"166","59277.35"
3877,"173","59267.66"
3856,"172","59266.37"
4511,"171","59258.09"
5951,"168","59246.44"
814,"167","59245.16"
3145,"183","59235.74"
5235,"157","59231.86"
4033,"149","59229.53"
3178,"171","59225.05"
3203,"165","59224.72"
913,"173","59213.23"
5122,"171","59207.15"
1847,"180","59197.07"
3288,"169","59196.56"
996,"168","59188.77"
939,"170","59183.17"
1981,"170","59178.81"
830,"164","59173.66"
880,"145","59163.64"
3010,"160","59163.56"
5277,"177","59154.84"
4423,"153","59151.54"
799,"171","59134.99"
3044,"157","59126.77"
4173,"168","59126.77"
2100,"153","59125.87"
5506,"169","59110.93"
2521,"166","59102.50"
3179,"172","59099.39"
3112,"164","59098.65"
2677,"156","59091.61"
419,"155","59090.73"
1594,"166","59086.45"
2575,"170","59083.85"
4479,"181","59056.66"
5563,"171","59050.74"
1961,"147","59027.80"
2525,"148","59012.45"
5096,"170","58997.11"
550,"175","58993.18"
4321,"168","58991.85"
1927,"176","58989.94"
5753,"175","58982.63"
4503,"191","58972.10"
5441,"169","58955.70"
2984,"166","58953.71"
2857,"174","58951.00"
5399,"165","58950.63"
5116,"174","58936.91"
3181,"154","58907.75"
5306,"156","58904.33"
4121,"155","58890.32"
3842,"143","58887.38"
2721,"149","58886.29"
1482,"153","58880.66"
5657,"168","58874.62"
795,"161","58873.96"
5123,"168","58870.00"
895,"167","58869.49"
5944,"168","58862.47"
434,"149","58862.19"
5580,"172","58861.55"
791,"166","58860.18"
3779,"160","58855.15"
2053,"173","58853.83"
5119,"160","58847.56"
4148,"153","58841.23"
1542,"174","58827.43"
4550,"186","58827.31"
656,"164","58826.14"
3000,"167","58816.62"
5171,"149","58815.05"
1807,"158","58813.96"
5997,"161","58797.16"
2039,"196","58788.77"
663,"159","58785.09"
3131,"153","58781.13"
2659,"187","58774.62"
1602,"157","58772.03"
571,"168","58771.96"
5374,"155","58765.86"
902,"163","58760.07"
3130,"177","58735.19"
5848,"161","58731.03"
2740,"161","58714.84"
5775,"173","58709.67"
3934,"156","58700.17"
1950,"181","58693.58"
4102,"184","58692.19"
5284,"183","58692.02"
2946,"166","58680.61"
2546,"168","58679.46"
2528,"173","58675.14"
557,"165","58669.22"
4599,"166","58668.09"
5435,"171","58663.82"
758,"178","58653.91"
1464,"165","58653.82"
440,"160","58653.04"
1629,"155","58644.09"
5295,"152","58642.86"
5638,"156","58641.15"
1411,"166","58637.96"
3825,"173","58626.77"
1444,"175","58614.08"
2925,"167","58609.04"
989,"159","58605.17"
2854,"162","58595.30"
4304,"175","58578.17"
3249,"191","58569.36"
3210,"172","58564.35"
3221,"164","58557.95"
5845,"167","58556.12"
5451,"183","58555.82"
3944,"175","58551.73"
5559,"152","58549.56"
3113,"155","58547.93"
5608,"178","58539.86"
5272,"154","58532.08"
2991,"184","58517.15"
2891,"161","58515.47"
5811,"166","58514.90"
530,"175","58514.76"
1832,"176","58505.18"
5232,"168","58504.15"
4232,"186","58500.31"
2736,"154","58482.26"
704,"160","58479.07"
443,"159","58477.15"
5170,"163","58475.66"
3159,"170","58471.87"
5757,"167","58463.25"
2876,"185","58461.69"
3878,"167","58452.06"
5642,"182","58447.27"
724,"154","58446.37"
5853,"169","58444.68"
1911,"173","58444.11"
541,"190","58430.89"
983,"178","58420.20"
1871,"184","58419.96"
4574,"154","58411.98"
865,"172","58406.90"
2624,"138","58392.85"
1689,"186","58391.36"
5613,"147","58388.29"
570,"163","58384.22"
5612,"153","58377.05"
4109,"173","58363.33"
5370,"166","58336.10"
2719,"173","58326.80"
3846,"145","58323.89"
3208,"150","58321.59"
3977,"153","58320.57"
2752,"158","58319.06"
3017,"170","58312.01"
4316,"183","58310.91"
5544,"155","58302.62"
3234,"173","58301.50"
370,"152","58288.18"
3142,"183","58282.00"
5993,"162","58279.19"
5357,"180","58274.21"
5742,"165","58260.07"
2744,"172","58258.16"
5157,"153","58240.79"
483,"170","58237.50"
2046,"183","58216.25"
2652,"195","58199.69"
5097,"161","58189.17"
2042,"156","58181.01"
3919,"163","58179.53"
2767,"175","58178.05"
853,"178","58170.08"
5363,"188","58164.44"
4032,"176","58164.10"
5734,"175","58160.72"
908,"164","58160.32"
5776,"169","58150.70"
4319,"176","58145.76"
1764,"165","58145.66"
5162,"170","58136.19"
975,"160","58134.46"
987,"178","58128.42"
3269,"167","58121.78"
4594,"171","58120.85"
5931,"194","58115.75"
689,"169","58114.03"
5498,"168","58113.46"
567,"166","58112.67"
4556,"185","58111.87"
965,"161","58086.13"
897,"162","58083.19"
3195,"173","58083.16"
842,"177","58079.08"
4338,"166","58059.50"
5307,"162","58045.50"
2923,"165","58033.34"
3188,"155","58028.73"
3822,"151","58014.68"
3955,"166","57998.10"
5106,"162","57996.43"
522,"179","57994.23"
866,"175","57989.46"
1645,"157","57982.96"
3002,"160","57964.80"
3857,"179","57963.57"
2911,"177","57962.44"
2996,"173","57961.89"
3218,"176","57960.88"
5344,"187","57956.36"
3831,"165","57951.87"
2881,"162","57942.28"
598,"151","57942.18"
5286,"181","57929.77"
5591,"191","57929.04"
2963,"182","57915.28"
1976,"167","57902.35"
5216,"173","57900.16"
3058,"165","57899.42"
1772,"184","57890.91"
5842,"159","57872.08"
387,"171","57856.25"
3838,"159","57851.10"
4155,"159","57843.27"
5281,"174","57833.55"
4224,"143","57832.21"
1653,"176","57822.25"
5790,"167","57820.45"
5510,"174","57806.91"
1913,"168","57804.24"
5557,"159","57798.99"
3198,"167","57797.49"
3926,"189","57795.56"
2939,"141","57782.72"
807,"156","57777.24"
1744,"179","57775.52"
5788,"160","57775.09"
5090,"164","57764.82"
1571,"169","57763.19"
2751,"162","57760.41"
5117,"179","57751.14"
2823,"168","57748.90"
620,"170","57740.17"
1722,"184","57739.33"
4159,"177","57738.98"
695,"166","57736.67"
923,"188","57734.26"
574,"168","57731.04"
5515,"171","57728.23"
3285,"178","57727.12"
5770,"159","57720.20"
4364,"177","57714.64"
5479,"160","57684.63"
5933,"171","57677.25"
1816,"189","57674.37"
5978,"186","57670.81"
796,"176","57661.86"
2047,"168","57656.97"
816,"165","57648.87"
4324,"153","57638.73"
5387,"167","57630.64"
1939,"159","57627.78"
1604,"181","57624.62"
3048,"160","57616.10"
2628,"170","57604.73"
4402,"162","57601.14"
783,"166","57600.24"
775,"159","57591.30"
3832,"179","57582.32"
5743,"166","57580.73"
860,"164","57573.34"
3866,"185","57570.98"
679,"172","57556.79"
3827,"172","57543.33"
5935,"164","57540.69"
1842,"197","57539.26"
4031,"177","57532.01"
5463,"179","57524.46"
4379,"161","57521.19"
5781,"151","57519.71"
5782,"147","57517.80"
1673,"169","57514.73"
2688,"174","57513.61"
3801,"169","57513.06"
3794,"177","57495.12"
4027,"143","57469.42"
1908,"175","57467.52"
5583,"173","57462.69"
5994,"172","57445.01"
2596,"176","57437.86"
5390,"149","57426.41"
5149,"159","57422.16"
1430,"177","57404.77"
2065,"164","57399.80"
981,"160","57392.65"
931,"171","57389.91"
747,"169","57389.36"
2644,"165","57383.59"
4279,"184","57377.83"
3118,"194","57374.89"
4266,"163","57373.06"
3129,"177","57368.79"
438,"169","57365.26"
1614,"169","57354.13"
2599,"172","57342.33"
967,"172","57336.45"
495,"149","57326.50"
1546,"169","57322.64"
2947,"156","57311.91"
3274,"178","57308.98"
4524,"147","57306.27"
5590,"171","57291.57"
3071,"159","57286.30"
4127,"163","57262.78"
786,"170","57262.71"
5259,"175","57253.37"
5838,"157","57251.99"
3773,"165","57231.29"
1473,"167","57230.35"
5462,"162","57215.05"
5350,"163","57191.04"
1983,"155","57185.13"
4345,"163","57178.78"
1496,"160","57160.22"
378,"181","57155.02"
962,"169","57149.56"
515,"160","57132.66"
2728,"154","57129.41"
3177,"162","57120.03"
5621,"166","57104.85"
721,"166","57093.64"
1749,"172","57080.60"
2929,"154","57073.67"
5880,"181","57068.36"
960,"168","57047.27"
5328,"166","57014.06"
3018,"185","57013.31"
3160,"173","57005.62"
3003,"186","57002.54"
384,"160","56996.92"
1903,"174","56980.90"
1719,"181","56977.61"
655,"159","56972.04"
3879,"157","56962.51"
4141,"165","56961.98"
4366,"165","56957.23"
5527,"173","56939.68"
4124,"181","56939.36"
5355,"160","56937.36"
3158,"184","56935.81"
5131,"161","56911.62"
5371,"152","56904.86"
4007,"166","56903.65"
3193,"168","56899.42"
986,"178","56898.94"
1957,"166","56897.46"
1799,"161","56892.70"
712,"161","56889.42"
3774,"161","56884.71"
1494,"168","56882.65"
3958,"174","56881.95"
1576,"178","56851.02"
4336,"160","56844.67"
4009,"167","56818.71"
5857,"166","56806.55"
5397,"190","56783.16"
5310,"166","56768.52"
3983,"160","56763.02"
1670,"161","56756.82"
5816,"150","56756.79"
1516,"159","56752.14"
3967,"162","56750.26"
3928,"168","56740.03"
2611,"156","56736.57"
1488,"172","56726.96"
3796,"179","56724.31"
5089,"174","56712.86"
5505,"164","56709.43"
4171,"169","56705.59"
520,"162","56700.02"
624,"167","56695.75"
5867,"165","56695.20"
526,"173","56675.44"
2937,"160","56671.21"
2550,"157","56671.08"
5959,"154","56662.69"
2636,"157","56655.63"
2888,"163","56635.55"
5645,"136","56634.59"
1989,"147","56619.97"
5636,"175","56604.64"
1872,"159","56601.88"
794,"175","56601.08"
466,"167","56584.73"
756,"166","56582.50"
886,"158","56581.76"
4137,"177","56570.47"
1925,"180","56563.17"
757,"154","56558.70"
3871,"161","56548.95"
5637,"153","56543.38"
5418,"173","56539.79"
1527,"167","56521.95"
5991,"155","56519.67"
3080,"163","56514.78"
1711,"139","56509.35"
3015,"146","56504.00"
2680,"155","56490.18"
399,"163","56486.41"
856,"170","56473.25"
833,"186","56468.73"
901,"176","56453.05"
4553,"173","56451.42"
5856,"181","56427.04"
5833,"161","56425.84"
2783,"173","56422.31"
3153,"186","56421.61"
995,"185","56407.78"
3138,"173","56399.54"
5792,"175","56397.18"
5728,"162","56393.15"
5844,"161","56384.41"
5683,"174","56380.44"
5255,"169","56376.04"
4561,"164","56363.15"
2909,"155","56361.50"
2682,"157","56346.29"
3821,"163","56344.10"
5405,"165","56335.05"
5860,"162","56323.77"
5468,"160","56316.37"
5983,"173","56311.78"
2541,"158","56306.90"
5685,"162","56295.44"
2971,"175","56267.12"
551,"155","56264.67"
2718,"167","56251.37"
2665,"173","56248.47"
5854,"160","56246.00"
5290,"148","56217.64"
2646,"152","56217.42"
2910,"185","56210.11"
2988,"171","56192.35"
661,"154","56182.15"
2681,"153","56180.68"
979,"167","56165.99"
497,"172","56164.35"
3294,"172","56163.81"
1702,"167","56162.79"
421,"168","56157.79"
1943,"154","56137.40"
2637,"177","56129.77"
5432,"180","56119.39"
3001,"176","56115.51"
3120,"154","56105.54"
3953,"173","56098.90"
5159,"180","56095.90"
5741,"158","56094.80"
2898,"168","56093.24"
572,"166","56085.42"
5477,"159","56085.27"
3778,"159","56066.93"
4104,"166","56066.32"
5820,"161","56066.23"
750,"171","56063.82"
5630,"152","56058.15"
3024,"165","56057.34"
4023,"188","56039.72"
1926,"180","56027.21"
834,"158","56024.84"
4271,"163","56019.29"
4026,"178","55986.08"
5701,"176","55978.57"
461,"170","55973.75"
5618,"159","55973.73"
2622,"157","55972.10"
4090,"164","55969.30"
1887,"164","55967.22"
1404,"170","55958.54"
676,"152","55958.12"
792,"169","55936.94"
664,"157","55914.78"
3265,"156","55912.05"
810,"141","55907.14"
5549,"135","55903.29"
873,"130","55899.09"
2619,"177","55897.60"
1776,"147","55891.86"
765,"157","55886.28"
2710,"154","55885.44"
5248,"150","55882.15"
3798,"170","55879.19"
5481,"159","55875.47"
1977,"169","55872.51"
3920,"158","55858.43"
3876,"169","55858.01"
1916,"167","55855.77"
4270,"170","55853.26"
3093,"173","55847.51"
5525,"164","55841.11"
1802,"172","55839.88"
5551,"164","55832.18"
3910,"158","55830.25"
5658,"176","55825.49"
4150,"170","55818.53"
5889,"170","55811.51"
5526,"169","55800.78"
2842,"141","55795.76"
533,"157","55790.49"
1610,"164","55776.37"
4353,"174","55771.87"
4215,"154","55771.48"
2834,"168","55756.17"
4568,"158","55734.87"
371,"158","55715.38"
3187,"164","55713.64"
5661,"145","55710.25"
2697,"165","55707.87"
390,"173","55701.81"
2054,"150","55698.41"
1485,"158","55684.48"
1843,"178","55676.19"
3915,"156","55675.67"
5852,"175","55666.45"
688,"170","55659.49"
3037,"161","55658.44"
5341,"171","55655.53"
4528,"161","55643.01"
2753,"173","55632.15"
1574,"165","55631.61"
489,"167","55619.19"
926,"151","55618.79"
3892,"168","55618.70"
5832,"158","55609.43"
3157,"168","55603.92"
3874,"162","55597.31"
715,"174","55591.75"
4179,"160","55578.58"
5193,"161","55576.36"
879,"181","55566.64"
622,"172","55556.85"
4491,"173","55548.38"
5431,"170","55540.82"
4169,"162","55521.31"
4242,"155","55516.59"
4256,"161","55484.56"
4483,"158","55478.94"
818,"159","55473.97"
5101,"172","55458.00"
1941,"177","55457.90"
5223,"149","55456.46"
5626,"171","55455.40"
5923,"165","55439.56"
1796,"166","55431.93"
627,"161","55426.28"
4006,"143","55413.15"
1824,"165","55411.53"
412,"164","55398.96"
2708,"172","55395.76"
4328,"158","55384.59"
1529,"159","55379.91"
1878,"159","55368.94"
3900,"154","55354.22"
5941,"154","55324.90"
4278,"165","55320.39"
2606,"155","55314.27"
4348,"151","55309.80"
1532,"183","55307.72"
3921,"172","55297.40"
377,"184","55295.70"
5130,"172","55286.35"
5771,"156","55280.92"
4258,"171","55274.52"
4030,"154","55268.74"
874,"171","55259.87"
5984,"149","55259.31"
1682,"175","55259.24"
2847,"147","55254.47"
727,"154","55241.69"
5904,"156","55229.55"
5268,"166","55199.99"
2889,"157","55196.80"
4464,"154","55186.63"
1000,"172","55183.71"
5412,"177","55180.04"
604,"150","55176.63"
5712,"173","55175.77"
3994,"167","55171.63"
2640,"158","55162.21"
1637,"176","55154.12"
3271,"160","55148.16"
976,"178","55142.40"
409,"170","55141.69"
5851,"160","55136.66"
5151,"194","55135.56"
710,"156","55127.70"
2908,"151","55115.20"
934,"152","55110.37"
516,"182","55108.86"
2581,"167","55105.44"
5300,"162","55095.77"
5570,"163","55070.79"
5262,"184","55049.65"
1884,"155","55046.53"
3070,"171","55041.26"
5539,"166","55024.52"
5746,"159","55022.08"
3896,"168","55011.11"
430,"152","54979.26"
1433,"151","54968.20"
1426,"163","54951.12"
4106,"164","54948.63"
2955,"169","54946.81"
5502,"170","54942.55"
730,"167","54938.28"
523,"143","54934.19"
3865,"144","54931.98"
3768,"162","54931.67"
1770,"161","54916.60"
3165,"175","54910.89"
5349,"147","54907.43"
501,"153","54903.54"
3275,"166","54892.81"
5702,"158","54882.48"
4401,"167","54876.10"
4513,"165","54871.47"
1568,"158","54867.11"
5329,"153","54852.24"
4515,"167","54847.14"
998,"167","54843.48"
2927,"154","54842.88"
4377,"163","54836.34"
1419,"170","54834.83"
3298,"171","54827.12"
5309,"164","54826.08"
2768,"157","54815.92"
2012,"167","54795.61"
4020,"161","54785.65"
5242,"166","54781.97"
824,"169","54781.09"
851,"169","54779.91"
1831,"138","54773.08"
5936,"173","54767.95"
5111,"159","54754.38"
479,"180","54754.31"
5611,"162","54753.68"
716,"164","54752.19"
2901,"162","54741.68"
5779,"162","54726.25"
2821,"182","54726.21"
1413,"162","54714.42"
5693,"159","54713.29"
5497,"152","54698.89"
2801,"165","54693.86"
910,"149","54693.09"
4563,"169","54685.14"
5388,"149","54674.78"
2739,"157","54673.08"
1678,"135","54667.42"
5990,"180","54663.04"
1660,"153","54648.10"
1827,"163","54628.17"
1557,"162","54616.58"
3066,"169","54615.10"
5677,"155","54605.33"
2945,"173","54602.77"
5229,"172","54601.20"
920,"164","54600.43"
4092,"145","54586.50"
375,"173","54582.78"
470,"167","54573.46"
2026,"156","54570.10"
5886,"164","54569.42"
811,"167","54561.26"
3196,"157","54547.39"
355,"168","54539.76"
5875,"160","54537.24"
1394,"144","54524.67"
3227,"163","54515.21"
1428,"154","54495.15"
4445,"163","54473.85"
4580,"167","54468.54"
4577,"168","54454.41"
1587,"173","54438.68"
5692,"153","54438.18"
5508,"155","54430.93"
4546,"169","54428.28"
5736,"174","54424.54"
5986,"159","54423.51"
1683,"160","54409.16"
5478,"152","54405.26"
365,"167","54398.66"
804,"176","54383.28"
2903,"165","54383.13"
5849,"158","54367.92"
4539,"158","54364.24"
3169,"154","54357.04"
906,"189","54354.27"
411,"173","54342.86"
591,"167","54336.47"
1868,"170","54324.85"
505,"159","54314.66"
3792,"181","54313.91"
5496,"147","54298.09"
2063,"142","54287.36"
2007,"157","54272.86"
2068,"166","54257.91"
535,"149","54253.92"
800,"169","54253.04"
4243,"149","54243.55"
4308,"150","54228.59"
5619,"162","54224.77"
5911,"156","54214.33"
5139,"169","54214.29"
5716,"175","54208.41"
2850,"149","54172.25"
1904,"165","54159.27"
4416,"160","54157.39"
911,"167","54151.33"
4435,"151","54150.02"
4578,"161","54137.76"
5294,"178","54110.16"
2643,"172","54099.00"
5214,"191","54089.42"
997,"160","54088.48"
4175,"156","54073.43"
2860,"157","54072.99"
2523,"144","54041.69"
5748,"165","54036.24"
5653,"165","54033.29"
512,"178","54025.70"
1551,"169","54023.14"
2076,"174","54022.87"
5258,"149","54022.82"
5340,"180","54014.62"
848,"170","54006.84"
5346,"178","54003.57"
914,"148","54000.54"
5575,"173","53998.71"
4448,"152","53996.55"
3936,"157","53979.61"
672,"156","53977.70"
1615,"158","53971.89"
2712,"163","53962.51"
2642,"175","53960.97"
4326,"179","53956.85"
949,"169","53951.23"
1881,"166","53948.01"
2530,"179","53940.56"
1780,"154","53935.77"
4180,"173","53933.35"
5150,"153","53932.67"
5520,"164","53930.70"
4410,"146","53926.90"
4231,"172","53912.69"
2983,"170","53881.95"
5336,"150","53876.28"
5486,"157","53862.90"
1668,"187","53856.18"
1487,"173","53853.63"
5718,"152","53849.42"
5312,"154","53848.58"
2706,"146","53839.40"
2734,"172","53837.61"
5704,"170","53825.38"
3168,"147","53821.59"
2737,"147","53810.73"
2775,"175","53802.56"
507,"150","53788.38"
5578,"154","53770.02"
5457,"169","53761.95"
4443,"161","53760.06"
431,"152","53751.82"
4505,"149","53751.12"
849,"149","53740.88"
5687,"162","53732.74"
3990,"171","53729.89"
5292,"171","53726.73"
1644,"145","53723.58"
559,"154","53716.53"
1440,"175","53712.51"
1570,"169","53689.57"
5698,"168","53688.73"
3099,"157","53686.50"
5847,"158","53656.26"
5244,"156","53651.64"
612,"182","53628.97"
4208,"171","53628.78"
1822,"156","53627.49"
1875,"178","53620.76"
4532,"174","53619.43"
5092,"169","53617.19"
2786,"175","53613.19"
5414,"175","53612.07"
5511,"179","53597.12"
4045,"159","53594.76"
3064,"153","53594.24"
5708,"167","53591.44"
5499,"179","53579.74"
5537,"162","53570.78"
3292,"180","53567.53"
5134,"159","53565.91"
5798,"166","53556.13"
4486,"154","53553.48"
1792,"156","53542.77"
2893,"153","53540.49"
3232,"156","53540.34"
778,"162","53532.88"
1806,"153","53526.17"
4248,"183","53524.12"
5184,"173","53504.03"
4394,"173","53493.51"
861,"167","53489.64"
2707,"160","53488.14"
5988,"167","53462.08"
2852,"168","53443.01"
3996,"172","53430.06"
2777,"168","53422.67"
827,"156","53421.56"
2527,"161","53403.10"
4193,"157","53398.86"
844,"175","53394.42"
846,"160","53387.82"
4064,"167","53386.39"
1804,"165","53376.47"
5934,"148","53376.29"
5929,"148","53363.72"
3886,"154","53347.06"
3767,"169","53346.46"
583,"153","53344.39"
1616,"149","53343.98"
4461,"147","53335.77"
2808,"166","53321.43"
973,"171","53308.07"
892,"145","53307.07"
5794,"172","53299.89"
1535,"163","53298.85"
3760,"170","53287.97"
3793,"149","53278.83"
1945,"161","53257.46"
5810,"153","53246.62"
683,"162","53239.09"
3882,"143","53237.91"
1478,"166","53230.41"
3009,"154","53224.97"
1463,"168","53218.61"
4361,"155","53216.80"
372,"157","53211.95"
5774,"172","53208.69"
801,"183","53188.32"
4489,"182","53181.95"
678,"167","53174.69"
1438,"164","53162.91"
736,"153","53150.21"
4250,"164","53145.14"
2999,"160","53135.40"
3279,"161","53128.37"
5181,"154","53128.00"
2034,"162","53125.73"
5449,"151","53106.70"
3770,"163","53103.55"
2886,"172","53102.79"
999,"163","53098.65"
5547,"153","53095.81"
5610,"169","53077.85"
1713,"153","53073.83"
593,"166","53068.85"
2005,"166","53043.09"
4225,"149","53035.33"
2848,"156","53014.20"
1789,"154","53008.55"
4425,"166","53007.55"
4082,"166","52985.58"
5567,"168","52957.42"
2695,"169","52943.39"
5825,"162","52942.50"
5473,"158","52935.67"
1457,"150","52927.75"
5553,"168","52920.38"
3273,"137","52920.37"
351,"158","52910.17"
490,"155","52882.59"
3998,"154","52836.37"
5167,"185","52831.90"
722,"152","52822.67"
4164,"164","52811.03"
1655,"166","52810.24"
769,"164","52803.39"
938,"159","52796.24"
5098,"176","52792.00"
581,"167","52770.83"
3244,"164","52768.89"
5843,"150","52749.49"
5723,"162","52749.27"
5759,"151","52731.02"
1448,"167","52727.72"
868,"143","52722.46"
3853,"173","52715.85"
5455,"172","52682.90"
360,"156","52667.17"
568,"169","52652.99"
1949,"174","52635.96"
5864,"161","52623.96"
2058,"166","52607.67"
3212,"159","52597.10"
2032,"155","52593.66"
1617,"156","52592.59"
2522,"157","52581.44"
942,"164","52571.33"
5926,"155","52550.80"
4370,"172","52549.84"
5382,"154","52543.97"
5684,"158","52543.26"
3806,"153","52530.37"
4405,"163","52523.93"
3253,"173","52519.85"
2648,"149","52511.27"
4152,"159","52509.63"
2676,"170","52499.47"
5589,"154","52492.86"
463,"171","52489.32"
1566,"156","52488.59"
4421,"171","52487.95"
5763,"158","52463.17"
867,"148","52461.57"
3933,"168","52454.06"
4562,"161","52441.93"
2099,"157","52432.31"
2993,"156","52388.05"
4008,"162","52373.20"
665,"161","52351.45"
3059,"143","52350.20"
417,"167","52344.72"
2863,"147","52328.50"
2809,"163","52326.97"
3909,"166","52321.77"
1583,"151","52321.15"
5948,"164","52316.94"
5469,"176","52314.64"
1890,"148","52308.73"
453,"178","52300.58"
5466,"150","52296.02"
5568,"162","52289.96"
1720,"160","52287.27"
4091,"156","52267.92"
5888,"157","52264.79"
5836,"154","52224.55"
3784,"170","52214.94"
639,"168","52213.20"
1694,"157","52204.00"
1445,"155","52203.29"
1739,"155","52198.05"
5699,"163","52191.77"
3030,"159","52172.70"
3860,"169","52170.87"
1567,"149","52161.78"
5670,"144","52154.28"
744,"156","52153.75"
3235,"181","52151.75"
4315,"153","52149.55"
1863,"175","52134.81"
427,"150","52124.69"
687,"153","52112.63"
1593,"162","52104.01"
1968,"173","52092.01"
437,"145","52085.58"
5438,"172","52084.58"
5814,"161","52044.83"
4039,"166","52034.91"
5733,"161","52023.34"
3217,"151","52013.08"
5545,"163","52012.92"
1681,"154","51986.72"
3800,"161","51984.83"
5998,"167","51978.05"
2663,"163","51954.96"
4025,"154","51948.43"
4247,"163","51939.77"
2626,"173","51937.10"
2578,"142","51918.57"
1769,"161","51908.38"
3976,"150","51905.47"
748,"162","51874.86"
4053,"160","51873.80"
554,"169","51862.97"
4292,"169","51843.93"
1450,"161","51843.03"
2006,"160","51825.22"
3127,"152","51813.19"
2943,"147","51786.63"
4227,"166","51771.77"
2615,"190","51769.70"
3040,"162","51742.07"
4510,"149","51736.74"
2027,"139","51729.61"
5380,"178","51721.85"
3924,"149","51716.31"
5297,"157","51709.52"
363,"162","51689.66"
1755,"190","51674.80"
4408,"158","51650.27"
4034,"164","51635.98"
779,"176","51634.20"
1514,"155","51621.43"
5315,"167","51610.87"
3781,"156","51604.29"
2880,"179","51594.93"
4325,"157","51586.19"
4108,"160","51572.18"
4216,"154","51571.06"
4466,"151","51569.00"
3949,"159","51563.03"
4165,"161","51561.13"
3172,"157","51542.61"
4322,"154","51538.09"
4534,"151","51533.59"
5377,"168","51532.56"
5127,"170","51531.26"
5803,"158","51520.28"
3144,"158","51511.72"
941,"178","51473.34"
2725,"168","51467.75"
1525,"169","51439.92"
4142,"164","51434.13"
4484,"167","51411.43"
1986,"180","51410.42"
4128,"155","51395.89"
621,"158","51394.03"
5433,"161","51389.96"
5866,"150","51378.87"
3190,"160","51376.24"
5793,"170","51363.01"
2931,"181","51341.92"
5243,"156","51329.66"
3116,"168","51322.86"
5620,"165","51306.35"
5902,"177","51296.10"
5870,"175","51283.65"
966,"162","51280.61"
1858,"172","51277.11"
5973,"172","51265.94"
5678,"140","51239.71"
898,"158","51232.07"
5191,"174","51223.05"
3094,"162","51209.38"
473,"153","51189.30"
763,"168","51135.31"
2661,"151","51130.28"
1773,"146","51118.46"
5797,"152","51116.80"
5416,"152","51111.61"
5189,"141","51089.11"
5100,"170","51070.86"
713,"160","51059.61"
4565,"179","51057.95"
5424,"144","51054.66"
2650,"163","51042.49"
3182,"153","51035.08"
1581,"157","51024.94"
1533,"147","51013.49"
4535,"158","50981.25"
2926,"184","50978.40"
5554,"149","50970.52"
5256,"171","50895.62"
4298,"158","50884.60"
5719,"189","50872.95"
5261,"165","50870.78"
784,"160","50868.82"
1795,"161","50831.35"
3052,"148","50827.38"
4501,"151","50822.62"
2839,"172","50806.52"
5316,"162","50794.11"
2853,"158","50793.99"
5878,"156","50790.77"
5323,"165","50789.43"
5269,"161","50788.29"
1509,"155","50784.13"
5681,"160","50773.53"
5402,"164","50759.49"
3985,"139","50743.10"
595,"162","50705.94"
4417,"174","50701.34"
408,"175","50693.89"
3110,"175","50687.85"
2647,"154","50616.97"
734,"164","50615.90"
1728,"168","50597.01"
5522,"154","50595.72"
521,"167","50568.57"
2614,"171","50566.38"
815,"160","50559.34"
5442,"161","50535.47"
2941,"159","50535.10"
3225,"146","50512.87"
4369,"148","50509.06"
3823,"166","50505.12"
5332,"163","50505.08"
637,"163","50474.86"
4149,"145","50467.05"
4115,"157","50440.82"
823,"160","50411.90"
5633,"145","50381.85"
5910,"160","50362.85"
762,"164","50360.72"
675,"172","50354.82"
5919,"157","50353.74"
2890,"147","50344.06"
2657,"159","50341.41"
2714,"147","50340.66"
5114,"174","50338.94"
5120,"150","50334.06"
1502,"165","50313.94"
2533,"121","50305.10"
2914,"166","50304.96"
1393,"177","50293.17"
5725,"152","50291.20"
4000,"159","50267.17"
3280,"155","50254.73"
3223,"175","50254.55"
1627,"158","50251.59"
1640,"156","50248.99"
494,"160","50248.36"
5161,"165","50188.89"
739,"151","50187.51"
4255,"171","50165.46"
2549,"156","50162.05"
630,"145","50159.66"
5324,"159","50155.08"
2586,"147","50154.67"
5528,"151","50151.80"
835,"169","50151.29"
3765,"166","50147.53"
3970,"157","50144.12"
4493,"163","50131.60"
2747,"150","50119.34"
4093,"154","50117.27"
5754,"167","50082.69"
3105,"171","50066.62"
619,"156","50066.30"
3180,"175","50061.24"
5319,"166","50050.88"
2627,"158","50049.94"
1959,"158","50029.10"
5874,"169","50013.55"
4368,"150","50011.24"
5840,"155","50000.51"
1975,"163","49996.13"
5956,"149","49985.32"
565,"152","49979.33"
504,"170","49978.02"
5368,"149","49961.92"
357,"159","49956.27"
5250,"162","49951.42"
3986,"173","49946.58"
4306,"180","49932.77"
449,"168","49931.56"
696,"164","49916.64"
3266,"153","49903.10"
2722,"166","49898.53"
3766,"161","49895.69"
2806,"142","49881.65"
836,"168","49839.34"
2605,"170","49838.44"
4540,"156","49835.00"
4571,"175","49833.49"
2564,"159","49774.24"
4311,"149","49769.43"
4293,"150","49744.40"
3262,"163","49740.33"
4518,"154","49722.51"
1782,"157","49716.22"
2617,"161","49702.40"
1766,"156","49691.66"
1985,"164","49682.80"
3267,"152","49676.70"
2566,"172","49672.47"
3191,"155","49669.18"
3761,"162","49668.39"
548,"156","49649.52"
2589,"138","49639.34"
2732,"165","49627.15"
4477,"160","49605.84"
4362,"177","49602.03"
5530,"168","49594.98"
3062,"151","49592.89"
484,"156","49578.42"
2759,"166","49568.52"
3940,"160","49567.86"
5183,"165","49561.73"
2633,"164","49554.75"
2600,"161","49531.84"
3042,"175","49514.46"
5260,"155","49513.02"
5896,"170","49511.49"
540,"149","49500.71"
3134,"146","49493.31"
519,"160","49490.48"
4573,"167","49488.21"
1666,"164","49475.01"
3929,"148","49466.04"
4593,"159","49456.30"
4116,"163","49436.94"
5125,"161","49435.41"
5234,"162","49408.63"
3219,"153","49407.62"
3869,"167","49405.31"
5241,"149","49404.84"
2684,"158","49396.30"
5490,"148","49372.26"
2048,"168","49355.79"
5542,"149","49348.73"
4052,"156","49285.36"
5960,"161","49283.93"
5764,"156","49268.88"
1695,"146","49266.77"
2780,"152","49263.50"
5758,"161","49247.90"
1589,"151","49246.85"
4569,"163","49224.88"
5303,"154","49182.55"
5925,"158","49180.25"
5330,"158","49170.65"
2920,"174","49141.80"
4436,"159","49110.37"
3902,"176","49109.45"
5296,"145","49100.14"
5804,"154","49094.57"
988,"158","49089.84"
2526,"163","49088.07"
4268,"169","49046.78"
4457,"166","49020.55"
4083,"143","49009.52"
5799,"145","49004.34"
2979,"165","48986.74"
1746,"155","48959.45"
1700,"152","48947.75"
3974,"162","48941.50"
701,"157","48939.29"
654,"160","48938.58"
3812,"149","48937.54"
1680,"146","48933.74"
5104,"148","48931.75"
1618,"179","48924.07"
3117,"153","48913.84"
2020,"159","48913.80"
3780,"164","48903.37"
2019,"149","48889.70"
2975,"176","48883.89"
4500,"156","48868.00"
4584,"167","48860.86"
793,"135","48833.65"
631,"140","48812.75"
4167,"139","48804.20"
464,"158","48799.70"
4288,"145","48786.81"
2865,"132","48786.25"
1417,"160","48775.57"
788,"159","48773.12"
964,"150","48764.66"
5158,"156","48751.79"
606,"172","48726.95"
1856,"149","48720.22"
5561,"174","48690.14"
840,"176","48689.43"
454,"151","48683.39"
3166,"166","48675.82"
2844,"138","48663.16"
5666,"154","48653.48"
4496,"144","48637.31"
2862,"172","48619.90"
1999,"145","48566.60"
1889,"155","48551.00"
1920,"142","48487.09"
780,"150","48463.52"
2900,"142","48457.23"
5523,"143","48456.96"
5372,"161","48455.68"
5720,"130","48439.64"
5882,"148","48425.12"
1656,"145","48397.45"
3137,"166","48361.24"
2727,"175","48324.79"
3859,"149","48265.33"
850,"181","48264.72"
5892,"163","48236.29"
3901,"151","48235.75"
4263,"144","48215.34"
5495,"157","48206.89"
5320,"161","48188.55"
3247,"163","48182.19"
575,"162","48170.19"
3982,"159","48164.79"
3167,"156","48146.13"
5168,"148","48130.29"
1808,"145","48120.75"
2981,"152","48120.17"
3931,"156","48113.66"
1642,"146","48108.47"
5555,"150","48105.85"
5917,"161","48101.96"
5538,"165","48066.07"
4035,"169","48058.46"
1667,"158","48052.18"
3032,"168","48038.79"
1948,"157","48025.09"
353,"162","48006.22"
1659,"164","48000.38"
790,"156","47986.20"
5789,"155","47981.27"
5348,"166","47973.34"
885,"162","47901.31"
5765,"168","47893.80"
1543,"145","47865.51"
5532,"145","47847.48"
2738,"132","47843.36"
5644,"176","47831.07"
4533,"146","47829.06"
435,"160","47806.96"
4051,"162","47766.97"
1410,"145","47753.99"
5359,"144","47745.80"
1967,"153","47745.09"
4066,"165","47740.28"
1572,"152","47738.51"
5598,"148","47731.45"
702,"137","47723.72"
2843,"161","47680.64"
5576,"171","47668.95"
4441,"168","47663.52"
751,"173","47645.51"
2080,"152","47637.45"
4265,"159","47613.75"
968,"170","47605.81"
5521,"148","47559.22"
903,"150","47554.87"
644,"160","47537.53"
3975,"152","47508.49"
5304,"144","47487.40"
1691,"159","47475.76"
4343,"151","47473.32"
5617,"137","47469.65"
3125,"167","47462.54"
393,"136","47421.83"
2851,"155","47371.98"
3081,"166","47357.55"
3293,"157","47334.56"
936,"157","47330.02"
5426,"168","47315.81"
5871,"157","47294.30"
5109,"134","47272.28"
588,"150","47253.62"
5103,"133","47235.34"
977,"160","47213.72"
2051,"155","47191.19"
673,"168","47176.33"
5285,"153","47138.50"
5945,"161","47137.54"
3988,"182","47092.04"
4442,"141","47082.32"
5379,"155","47069.93"
3948,"151","47047.72"
2814,"170","47023.61"
5593,"162","46988.25"
5314,"150","46976.70"
5585,"136","46974.55"
3826,"138","46959.05"
771,"158","46952.80"
2632,"150","46928.67"
5443,"161","46926.37"
4196,"163","46876.62"
5582,"161","46875.92"
3997,"151","46855.93"
2014,"143","46837.70"
1498,"158","46745.88"
634,"147","46731.18"
1443,"166","46648.16"
3911,"142","46634.01"
5175,"172","46608.66"
2649,"186","46607.57"
1820,"136","46600.96"
3289,"161","46561.02"
2539,"154","46548.04"
4069,"152","46540.09"
991,"164","46419.30"
5342,"154","46411.97"
4113,"157","46409.04"
5354,"160","46366.40"
3240,"152","46337.04"
4463,"146","46330.32"
1817,"150","46280.31"
364,"147","46268.75"
3254,"176","46251.56"
2932,"121","46207.04"
2641,"164","46198.32"
4041,"155","46119.36"
5129,"162","46085.28"
4229,"156","46062.13"
1724,"147","46059.43"
1480,"151","46050.45"
5862,"157","46021.12"
912,"152","46001.29"
2588,"157","45967.21"
2094,"154","45950.60"
3834,"146","45935.22"
1787,"138","45923.46"
5579,"144","45856.81"
1893,"156","45855.70"
4123,"161","45826.11"
5721,"154","45811.33"
992,"152","45804.41"
1423,"156","45800.26"
5694,"159","45753.10"
863,"144","45706.84"
4199,"157","45674.46"
3090,"157","45657.51"
4469,"146","45636.86"
5970,"168","45594.19"
5407,"123","45493.46"
2594,"169","45483.46"
2070,"159","45476.61"
383,"167","45428.35"
958,"161","45362.41"
5384,"152","45319.37"
3276,"155","45288.65"
476,"156","45276.95"
602,"173","45276.76"
5747,"174","45255.88"
1470,"149","45230.97"
4029,"161","45207.27"
4434,"154","45116.57"
5450,"156","45070.95"
1420,"165","44977.18"
5895,"149","44952.80"
5180,"148","44881.18"
5166,"165","44873.86"
5491,"140","44869.17"
5212,"160","44759.20"
2965,"161","44697.42"
5669,"163","44693.19"
2667,"144","44687.34"
916,"146","44679.39"
857,"158","44678.43"
3083,"164","44596.45"
3873,"147","44515.96"
2670,"157","44469.93"
3797,"152","44371.42"
2803,"140","44366.95"
4024,"144","44347.10"
525,"160","44316.85"
5631,"159","44275.25"
3095,"154","44228.73"
5622,"162","44227.13"
4269,"151","44184.73"
5717,"145","44135.04"
957,"154","44062.51"
2934,"137","44048.43"
1761,"158","44023.34"
3132,"154","44003.84"
4154,"159","43965.59"
2591,"158","43904.41"
1869,"134","43884.39"
3959,"152","43841.05"
3171,"143","43819.15"
5434,"154","43802.03"
5210,"150","43752.17"
5827,"149","43715.91"
5361,"163","43651.89"
5674,"153","43642.35"
3091,"156","43536.87"
3966,"146","43531.29"
601,"138","43494.08"
1481,"142","43438.74"
5543,"140","43427.49"
5946,"142","43400.38"
770,"147","43386.62"
4085,"165","43384.69"
2905,"161","43360.62"
5682,"156","43358.48"
896,"142","43324.73"
534,"156","43307.75"
2009,"157","43286.41"
2989,"129","43242.22"
3259,"138","43194.67"
5639,"158","43121.72"
3012,"156","43091.48"
3029,"144","43030.33"
1964,"151","42982.25"
2779,"155","42961.45"
5995,"169","42949.67"
1639,"147","42884.64"
1850,"150","42763.76"
369,"159","42620.80"
3291,"164","42603.57"
882,"146","42588.38"
812,"168","42570.55"
3903,"164","42433.11"
5279,"140","42397.83"
4240,"154","42393.81"
3233,"133","42342.39"
5673,"140","42301.97"
2872,"143","42253.92"
3022,"149","42200.68"
5569,"177","42197.58"
398,"143","42168.75"
5447,"152","42095.40"
446,"158","42091.14"
5413,"165","42038.73"
5404,"141","41982.37"
2811,"159","41973.73"
4341,"159","41969.41"
2724,"139","41944.80"
3100,"157","41938.12"
1874,"166","41918.78"
5996,"144","41893.02"
5163,"153","41878.50"
5202,"151","41869.89"
4313,"152","41838.64"
1622,"150","41835.20"
4437,"144","41682.46"
2545,"156","41667.50"
4303,"151","41607.54"
2928,"160","41576.50"
2631,"162","41457.64"
3270,"151","41440.18"
4043,"148","41424.54"
5419,"171","41198.70"
871,"168","41068.19"
5572,"135","40684.72"
3006,"133","40630.21"
2016,"140","40592.59"
2985,"146","40468.57"
838,"138","40468.36"
652,"162","40285.43"
552,"146","40137.40"
5147,"154","40053.31"
3011,"143","40002.32"
4590,"148","39928.05"
4359,"156","39787.30"
4347,"145","39735.55"
3214,"137","39658.50"
5927,"154","39447.08"
475,"161","39200.45"
3946,"142","39150.70"
549,"138","38632.57"
563,"143","38535.91"
752,"142","38522.23"
4549,"152","38296.17"
444,"144","38009.59"
5899,"159","37786.74"
5266,"152","37772.71"
4174,"126","36577.50"
3947,"166","36312.09"
3068,"143","36265.54"
4355,"140","35061.09"
